-- phpMyAdmin SQL Dump
-- version 4.6.6deb5
-- https://www.phpmyadmin.net/
--
-- Servidor: localhost:3306
-- Tiempo de generación: 05-07-2019 a las 11:49:19
-- Versión del servidor: 5.7.26-0ubuntu0.18.04.1
-- Versión de PHP: 7.3.6-1+ubuntu18.04.1+deb.sury.org+1

SET SQL_MODE = "NO_AUTO_VALUE_ON_ZERO";
SET time_zone = "+00:00";


/*!40101 SET @OLD_CHARACTER_SET_CLIENT=@@CHARACTER_SET_CLIENT */;
/*!40101 SET @OLD_CHARACTER_SET_RESULTS=@@CHARACTER_SET_RESULTS */;
/*!40101 SET @OLD_COLLATION_CONNECTION=@@COLLATION_CONNECTION */;
/*!40101 SET NAMES utf8mb4 */;

--
-- Base de datos: `encuestas`
--

-- --------------------------------------------------------

--
-- Estructura de tabla para la tabla `areas`
--

CREATE TABLE `areas` (
  `idarea` int(10) UNSIGNED NOT NULL,
  `idunidad` int(10) UNSIGNED NOT NULL,
  `iddireccion` int(10) UNSIGNED NOT NULL,
  `idmin` int(10) UNSIGNED NOT NULL,
  `idunidad_ejec` int(11) NOT NULL,
  `sigla` varchar(255) COLLATE utf8_unicode_ci NOT NULL
) ENGINE=InnoDB DEFAULT CHARSET=utf8 COLLATE=utf8_unicode_ci;

--
-- Volcado de datos para la tabla `areas`
--

INSERT INTO `areas` (`idarea`, `idunidad`, `iddireccion`, `idmin`, `idunidad_ejec`, `sigla`) VALUES
(1, 1, 1, 1, 1, '	DESP - MDCYT	'),
(2, 2, 1, 1, 1, '	UCS	'),
(3, 3, 1, 1, 1, '	UAI	'),
(4, 4, 1, 1, 1, '	UT	'),
(5, 5, 1, 1, 1, '	URSC	'),
(6, 6, 1, 1, 1, '	URR.II.	'),
(7, 7, 2, 1, 1, '	DGP - DESP	'),
(8, 8, 2, 1, 1, '	DGP - UPTI	'),
(9, 9, 2, 1, 1, '	DGP - UCCDC	'),
(10, 10, 2, 1, 1, '	DGP - USFP	'),
(11, 11, 3, 1, 1, '	DGAA - DESP	'),
(12, 12, 3, 1, 1, '	DGAA - UF	'),
(13, 13, 3, 1, 1, '	DGAA - UA	'),
(14, 14, 3, 1, 1, '	DGAA - URRHH	'),
(15, 15, 4, 1, 1, '	DGAJ - DESP	'),
(16, 16, 4, 1, 1, '	DGAJ - UGJ	'),
(17, 17, 4, 1, 1, '	DGAJ - UAJ	'),
(18, 18, 5, 3, 5, '	VI - DESP	'),
(19, 19, 6, 3, 5, '	DGPCA - DESP	'),
(20, 20, 6, 3, 5, '	DGPCA - UIC	'),
(21, 21, 6, 3, 5, '	DGPCA - UPEA	'),
(22, 22, 6, 3, 5, '	DGPCA - UPC	'),
(23, 23, 6, 3, 5, '	DGPCA - ELENCOS	'),
(24, 24, 7, 3, 5, '	DGPC - DESP	'),
(25, 25, 7, 3, 5, '	DGPC - UDAM	'),
(26, 26, 7, 3, 5, '	DGPC - UMSHBC	'),
(28, 28, 8, 2, 4, '	VD - DESP	'),
(29, 29, 9, 2, 4, '	DGAPP - DESP	'),
(30, 30, 9, 2, 4, '	DGAPP - UGDETA	'),
(31, 31, 9, 2, 4, '	DGAPP - UNAPSCA	'),
(32, 32, 9, 2, 4, '	DGAPP - UD	'),
(33, 33, 10, 2, 4, '	DGLCR - DESP	'),
(34, 34, 10, 2, 4, '	DGLCR - UGPRADI	'),
(35, 35, 10, 2, 4, '	DGLRC - UEOSSC	'),
(36, 36, 10, 2, 4, '	DGLCR - UAI 045	'),
(37, 37, 11, 4, 6, '	VT - DESP	'),
(38, 38, 12, 4, 6, '	DGT - DESP	'),
(39, 39, 12, 4, 6, '	DGT - UPT	'),
(40, 40, 12, 4, 6, '	DGT - UGDTC	'),
(41, 41, 13, 4, 6, '	DGCAT - DESP	'),
(42, 42, 13, 4, 6, '	DGCAT - URST	'),
(46, 27, 7, 3, 5, '	DGPC - UPI	');

-- --------------------------------------------------------

--
-- Estructura de tabla para la tabla `artesania`
--

CREATE TABLE `artesania` (
  `id` int(11) NOT NULL,
  `ingreso_artesania` int(11) NOT NULL
) ENGINE=InnoDB DEFAULT CHARSET=utf8 COLLATE=utf8_unicode_ci;

-- --------------------------------------------------------

--
-- Estructura de tabla para la tabla `cargos`
--

CREATE TABLE `cargos` (
  `idcargo` int(11) UNSIGNED NOT NULL,
  `nombrecargo` text NOT NULL,
  `denominacion` varchar(255) DEFAULT NULL,
  `idarea` int(11) NOT NULL,
  `num_item` varchar(45) NOT NULL,
  `haber_basico` varchar(45) NOT NULL,
  `lugtrabajo` varchar(45) NOT NULL,
  `departamental` varchar(45) NOT NULL,
  `razon` text NOT NULL,
  `tipo_cargo` varchar(30) NOT NULL
) ENGINE=MyISAM DEFAULT CHARSET=utf8;

--
-- Volcado de datos para la tabla `cargos`
--

INSERT INTO `cargos` (`idcargo`, `nombrecargo`, `denominacion`, `idarea`, `num_item`, `haber_basico`, `lugtrabajo`, `departamental`, `razon`, `tipo_cargo`) VALUES
(133, '	TÉCNICO EN ESCENARIOS	', '	TECNICO IV	', 21, '	134	', '8.355', '	OF. CENTRAL	', '		', '		', '	FUNCIONARIO	'),
(132, '	TÉCNICO EN ARTES ESCÉNICAS	', '	TECNICO IV	', 21, '	133	', '8.355', '	OF. CENTRAL	', '		', '		', '	FUNCIONARIO	'),
(131, '	JEFE DE LA UNIDAD DE PRODUCCIÓN DE EVENTOS	', '	JEFE DE UNIDAD IV - ESPECIALISTA II	', 21, '	132	', '16.306', '	OF. CENTRAL	', '		', '		', '	FUNCIONARIO	'),
(130, '	TÉCNICO DE PREMIOS NACIONALES Y BIENALES	', '	TECNICO IV	', 20, '	136	', '8.355', '	PLAZA MURILLO	', '		', '		', '	FUNCIONARIO	'),
(129, '	UJIER DE UNIDAD	', '	ADMINISTRATIVO III - UJIER DE UNIDAD	', 20, '	131	', '4.641', '	OF. CENTRAL	', '		', '		', '	FUNCIONARIO	'),
(128, '	ADMINISTRATIVO 	', '	ADMINISTRATIVO III - UJIER DE UNIDAD	', 20, '	130	', '4.641', '	EDIFICIO AGUIRRE	', '		', '		', '	FUNCIONARIO	'),
(127, '	ADMINISTRATIVO 	', '	ADMINISTRATIVO III - UJIER DE UNIDAD	', 20, '	129	', '4.641', '	PLAZA MURILLO	', '		', '		', '	FUNCIONARIO	'),
(126, '	ENCARGADO DE BIBLIOTECA	', '	ADMINISTRATIVO II - UJIER DE DIRECCIÓN GRAL.	', 20, '	128	', '5.283', '	PLAZA MURILLO	', '		', '		', '	FUNCIONARIO	'),
(125, '	TÉCNICO EN INDUSTRIAS CULTURALES	', '	TECNICO V - SECRETARIA VICEMINISTRO	', 20, '	127	', '7.425', '	PLAZA MURILLO	', '		', '		', '	FUNCIONARIO	'),
(124, '	TÉCNICO EN INDUSTRIAS CULTURALES	', '	TECNICO IV	', 20, '	126	', '8.355', '	PLAZA MURILLO	', '		', '		', '	FUNCIONARIO	'),
(123, '	ENCARGADO DE INDUSTRIAS DE ARTES POPULARES	', '	TECNICO IV	', 20, '	125	', '8.355', '	PLAZA MURILLO	', '		', '		', '	FUNCIONARIO	'),
(122, '	TÉCNICO DE INDUSTRIAS EDITORIALES, TEATRO Y LITERATURA	', '	TECNICO IV	', 20, '	124	', '8.355', '	PLAZA MURILLO	', '		', '		', '	FUNCIONARIO	'),
(121, '	JEFE DE LA UNIDAD DE INDUSTRIAS CULTURALES	', '	JEFE DE UNIDAD IV - ESPECIALISTA II	', 20, '	123	', '16.306', '	PLAZA MURILLO	', '		', '		', '	FUNCIONARIO	'),
(120, '	UJIER DE DIRECCIÓN GENERAL	', '	ADMINISTRATIVO II - UJIER DE DIRECCIÓN GRAL.	', 19, '	122	', '5.283', '	OF. CENTRAL	', '		', '		', '	FUNCIONARIO	'),
(119, '	SECRETARIA DIRECCIÓN GENERAL	', '	TECNICO VI - SECRETARIA DIRECCIÓN GRAL. - CHOFER MINISTRO - UJIER MINISTRO	', 19, '	121	', '6.640', '	OF. CENTRAL	', '		', '		', '	FUNCIONARIO	'),
(118, '	CHOFER VICEMINISTRO	', '	ADMINISTRATIVO I - SECRETARIA DE UNIDAD - CHOFER VICEMINISTRO - UJIER VICEMINISTRO	', 18, '	119	', '5.741', '	EDIFICIO AGUIRRE	', '		', '		', '	FUNCIONARIO	'),
(117, '	SECRETARIA VICEMINISTERIO	', '	TECNICO V - SECRETARIA VICEMINISTRO	', 18, '	118	', '7.425', '	EDIFICIO AGUIRRE	', '		', '		', '	FUNCIONARIO	'),
(116, '	TÉCNICO INTERCULTURALIDAD	', '	TECNICO V - SECRETARIA VICEMINISTRO	', 18, '	117	', '7.425', '	EDIFICIO AGUIRRE	', '		', '		', '	FUNCIONARIO	'),
(115, '	PROFESIONAL/TÉCNICO DE GESTIÓN INTERCULTURAL	', '	PROFESIONAL VII - TECNICO I	', 18, '	116	', '10.282', '	EDIFICIO AGUIRRE	', '		', '		', '	FUNCIONARIO	'),
(114, '	ABOGADO EN ANALISIS JURIDICO	', '	PROFESIONAL IX - TECNICO III - SECRETARIA MINISTRO	', 17, '	114	', '8.925', '	CASA PUEBLO	', '		', '		', '	FUNCIONARIO	'),
(113, '	ABOGADO EN ANALISIS JURIDICO	', '	PROFESIONAL VIII - TECNICO II - SECRETARIA PRESIDENTE	', 17, '	113	', '9.782', '	CASA PUEBLO	', '		', '		', '	FUNCIONARIO	'),
(112, '	ABOGADO EN ANALISIS JURIDICO	', '	PROFESIONAL VII - TECNICO I	', 17, '	112	', '10.282', '	CASA PUEBLO	', '		', '		', '	FUNCIONARIO	'),
(111, '	ABOGADO EN ANALISIS JURIDICO	', '	PROFESIONAL V	', 17, '	111	', '11.853', '	CASA PUEBLO	', '		', '		', '	FUNCIONARIO	'),
(110, '	JEFE DE LA UNIDAD DE ANÁLISIS JURÍDICO	', '	JEFE DE UNIDAD IV - ESPECIALISTA II	', 17, '	110	', '16.306', '	CASA PUEBLO	', '		', '		', '	FUNCIONARIO	'),
(109, '	ABOGADO EN GESTION JURIDICA	', '	PROFESIONAL VII - TECNICO I	', 16, '	109	', '10.282', '	CASA PUEBLO	', '		', '		', '	FUNCIONARIO	'),
(108, '	ABOGADO EN GESTION JURIDICA	', '	PROFESIONAL VII - TECNICO I	', 16, '	108	', '10.282', '	CASA PUEBLO	', '		', '		', '	FUNCIONARIO	'),
(107, '	ABOGADO EN GESTION JURIDICA	', '	PROFESIONAL VII - TECNICO I	', 16, '	107	', '10.282', '	CASA PUEBLO	', '		', '		', '	FUNCIONARIO	'),
(106, '	JEFE DE LA UNIDAD DE GESTIÓN JURÍDICA 	', '	JEFE DE UNIDAD IV - ESPECIALISTA II	', 16, '	106	', '16.306', '	CASA PUEBLO	', '		', '		', '	FUNCIONARIO	'),
(105, '	SECRETARIA DIRECCIÓN GENERAL	', '	TECNICO VI - SECRETARIA DIRECCIÓN GRAL. - CHOFER MINISTRO - UJIER MINISTRO	', 15, '	105	', '6.640', '	CASA PUEBLO	', '		', '		', '	FUNCIONARIO	'),
(104, '	ENCARGADO DE REGISTRO, ARCHIVO Y REPORTES	', '	TECNICO V - SECRETARIA VICEMINISTRO	', 15, '	104	', '7.425', '	CASA PUEBLO	', '		', '		', '	FUNCIONARIO	'),
(103, '	DIRECTOR GENERAL DE ASUNTOS JURÍDICOS	', '	DIRECTOR GENERAL - SECRET. PRIV. PRES.	', 15, '	103	', '19.535', '	CASA PUEBLO	', '		', '		', '	FUNCIONARIO	'),
(102, '	ASISTENTE ADMINISTRATIVO CONTROL DE PERSONAL	', '	AUXILIAR II	', 14, '	102	', '3.212', '	OF. CENTRAL	', '		', '		', '	FUNCIONARIO	'),
(101, '	UJIER DE UNIDAD	', '	ADMINISTRATIVO III - UJIER DE UNIDAD	', 14, '	101	', '4.641', '	OF. CENTRAL	', '		', '		', '	FUNCIONARIO	'),
(100, '	ADMINISTRATIVO - REGISTRO Y ARCHIVO DE PERSONAL 	', '	ADMINISTRATIVO I - SECRETARIA DE UNIDAD - CHOFER VICEMINISTRO - UJIER VICEMINISTRO	', 14, '	100	', '5.741', '	OF. CENTRAL	', '		', '		', '	FUNCIONARIO	'),
(99, '	TÉCNICO ENCARGADO DE PERSONAL	', '	TECNICO VI - SECRETARIA DIRECCIÓN GRAL. - CHOFER MINISTRO - UJIER MINISTRO	', 14, '	99	', '6.640', '	OF. CENTRAL	', '		', '		', '	FUNCIONARIO	'),
(98, '	ADMINISTRADOR DE PLANILLAS	', '	PROFESIONAL VII - TECNICO I	', 14, '	98	', '10.282', '	OF. CENTRAL	', '		', '		', '	FUNCIONARIO	'),
(97, '	PROFESIONAL EN EVALUACIÓN Y CAPACITACIÓN DE PERSONAL	', '	PROFESIONAL V	', 14, '	97	', '11.853', '	OF. CENTRAL	', '		', '		', '	FUNCIONARIO	'),
(96, '	PROFESIONAL DE DOTACIÓN, MOVILIDAD Y REGISTRO DE PERSONAL	', '	PROFESIONAL V	', 14, '	96	', '11.853', '	OF. CENTRAL	', '		', '		', '	FUNCIONARIO	'),
(95, '	JEFE DE LA UNIDAD DE RECURSOS HUMANOS	', '	JEFE DE UNIDAD IV - ESPECIALISTA II	', 14, '	95	', '16.306', '	OF. CENTRAL	', '		', '		', '	FUNCIONARIO	'),
(94, '	ADMINISTRATIVO DE REPOSITORIO	', '	AUXILIAR II	', 13, '	94	', '3.212', '	PLAZA MURILLO	', '		', '		', '	FUNCIONARIO	'),
(93, '	ADMINISTRATIVO EN ACTIVOS FIJOS	', '	AUXILIAR II	', 13, '	93	', '3.212', '	OF. CENTRAL	', '		', '		', '	FUNCIONARIO	'),
(92, '	AUXILIAR	', '	ADMINISTRATIVO IV	', 13, '	92	', '4.355', '	OF. CENTRAL	', '		', '		', '	FUNCIONARIO	'),
(91, '	ADMINISTRATIVO - MENSAJERO	', '	ADMINISTRATIVO IV	', 13, '	91	', '4.355', '	OF. CENTRAL	', '		', '		', '	FUNCIONARIO	'),
(90, '	ADMINISTRATIVO DE ALMACENES	', '	ADMINISTRATIVO IV	', 13, '	90	', '4.355', '	OF. CENTRAL	', '		', '		', '	FUNCIONARIO	'),
(89, '	ADMINISTRATIVO DE SERVICIOS GENERALES	', '	ADMINISTRATIVO IV	', 13, '	89	', '4.355', '	OF. CENTRAL	', '		', '		', '	FUNCIONARIO	'),
(88, '	ADMINISTRATIVO DE CONTRATACIONES Y COMPRAS MENORES	', '	ADMINISTRATIVO III - UJIER DE UNIDAD	', 13, '	88	', '4.641', '	EDIFICIO AGUIRRE	', '		', '		', '	FUNCIONARIO	'),
(87, '	ADMINISTRATIVO EN MANTENIMIENTO Y REPARACIÓN DE INMUEBLES	', '	ADMINISTRATIVO III - UJIER DE UNIDAD	', 13, '	87	', '4.641', '	OF. CENTRAL	', '		', '		', '	FUNCIONARIO	'),
(86, '	ADMINISTRATIVO DE ARCHIVO	', '	ADMINISTRATIVO III - UJIER DE UNIDAD	', 13, '	86	', '4.641', '	PLAZA MURILLO	', '		', '		', '	FUNCIONARIO	'),
(85, '	ENCARGADO CENTRAL TELEFÓNICA	', '	ADMINISTRATIVO III - UJIER DE UNIDAD	', 13, '	85	', '4.641', '	OF. CENTRAL	', '		', '		', '	FUNCIONARIO	'),
(84, '	UJIER DE UNIDAD	', '	ADMINISTRATIVO III - UJIER DE UNIDAD	', 13, '	84	', '4.641', '	OF. CENTRAL	', '		', '		', '	FUNCIONARIO	'),
(83, '	ADMINISTRATIVO CATALOGADOR REPOSITORIO	', '	ADMINISTRATIVO III - UJIER DE UNIDAD	', 13, '	83	', '4.641', '	PLAZA MURILLO	', '		', '		', '	FUNCIONARIO	'),
(82, '	ENCARGADO DE VENTANILLA ÚNICA	', '	ADMINISTRATIVO III - UJIER DE UNIDAD	', 13, '	82	', '4.641', '	OF. CENTRAL	', '		', '		', '	FUNCIONARIO	'),
(81, '	ASISTENTE ADMINISTRATIVO 	', '	ADMINISTRATIVO III - UJIER DE UNIDAD	', 13, '	81	', '4.641', '	OF. CENTRAL	', '		', '		', '	FUNCIONARIO	'),
(80, '	ADMINISTRATIVO EN ACTIVOS FIJOS	', '	ADMINISTRATIVO III - UJIER DE UNIDAD	', 13, '	80	', '4.641', '	EDIFICIO AGUIRRE	', '		', '		', '	FUNCIONARIO	'),
(79, '	TÉCNICO ADMINISTRATIVO	', '	ADMINISTRATIVO I - SECRETARIA DE UNIDAD - CHOFER VICEMINISTRO - UJIER VICEMINISTRO	', 13, '	79	', '5.741', '	OF. CENTRAL	', '		', '		', '	FUNCIONARIO	'),
(78, '	CHOFER ADMINISTRATIVO	', '	ADMINISTRATIVO I - SECRETARIA DE UNIDAD - CHOFER VICEMINISTRO - UJIER VICEMINISTRO	', 13, '	78	', '5.741', '	OF. CENTRAL	', '		', '		', '	FUNCIONARIO	'),
(77, '	ADMINISTRATIVO DE ARCHIVO INSTITUCIONAL	', '	ADMINISTRATIVO I - SECRETARIA DE UNIDAD - CHOFER VICEMINISTRO - UJIER VICEMINISTRO	', 13, '	77	', '5.741', '	PLAZA MURILLO	', '		', '		', '	FUNCIONARIO	'),
(76, '	ENCARGADO DE REPOSITORIOS NACIONALES	', '	TECNICO VI - SECRETARIA DIRECCIÓN GRAL. - CHOFER MINISTRO - UJIER MINISTRO	', 13, '	76	', '6.640', '	PLAZA MURILLO	', '		', '		', '	FUNCIONARIO	'),
(75, '	ASISTENTE ADMINISTRATIVO	', '	TECNICO V - SECRETARIA VICEMINISTRO	', 13, '	75	', '7.425', '	OF. CENTRAL	', '		', '		', '	FUNCIONARIO	'),
(74, '	ENCARGADO DE ALMACENES	', '	TECNICO IV	', 13, '	74	', '8.355', '	EDIFICIO AGUIRRE	', '		', '		', '	FUNCIONARIO	'),
(73, '	ENCARGADO DE ACTIVOS FIJOS	', '	TECNICO IV	', 13, '	73	', '8.355', '	EDIFICIO AGUIRRE	', '		', '		', '	FUNCIONARIO	'),
(72, '	TÉCNICO DE COMPRAS MENORES	', '	TECNICO IV	', 13, '	72	', '8.355', '	OF. CENTRAL	', '		', '		', '	FUNCIONARIO	'),
(71, '	TÉCNICO DE CONTRATACIONES	', '	TECNICO IV	', 13, '	71	', '8.355', '	OF. CENTRAL	', '		', '		', '	FUNCIONARIO	'),
(70, '	PROFESIONAL/TÉCNICO DE ARCHIVO INSTITUCIONAL	', '	PROFESIONAL VIII - TECNICO II - SECRETARIA PRESIDENTE	', 13, '	70	', '9.782', '	PLAZA MURILLO	', '		', '		', '	FUNCIONARIO	'),
(69, '	PROFESIONAL DE BIENES Y SERVICIOS	', '	PROFESIONAL V	', 13, '	69	', '11.853', '	EDIFICIO BALLIVIAN 	', '		', '		', '	FUNCIONARIO	'),
(68, '	PROFESIONAL DE CONTRATACIONES	', '	PROFESIONAL V	', 13, '	68	', '11.853', '	OF. CENTRAL	', '		', '		', '	FUNCIONARIO	'),
(67, '	JEFE DE LA UNIDAD ADMINISTRATIVA 	', '	JEFE DE UNIDAD IV - ESPECIALISTA II	', 13, '	67	', '16.306', '	OF. CENTRAL	', '		', '		', '	FUNCIONARIO	'),
(66, '	ADMINISTRATIVO FINANCIERO	', '	ADMINISTRATIVO I - SECRETARIA DE UNIDAD - CHOFER VICEMINISTRO - UJIER VICEMINISTRO	', 12, '	66	', '5.741', '	OF. CENTRAL	', '		', '		', '	FUNCIONARIO	'),
(65, '	TÉCNICO EN TESORERÍA	', '	TECNICO VI - SECRETARIA DIRECCIÓN GRAL. - CHOFER MINISTRO - UJIER MINISTRO	', 12, '	65	', '6.640', '	OF. CENTRAL	', '		', '		', '	FUNCIONARIO	'),
(64, '	ASISTENTE FINANCIERO	', '	TECNICO V - SECRETARIA VICEMINISTRO	', 12, '	64	', '7.425', '	OF. CENTRAL	', '		', '		', '	FUNCIONARIO	'),
(63, '	TECNICO FINANCIERO	', '	TECNICO IV	', 12, '	63	', '8.355', '	OF. CENTRAL	', '		', '		', '	FUNCIONARIO	'),
(62, '	TÉCNICO DE  CONTABILIDAD	', '	TECNICO IV	', 12, '	62	', '8.355', '	OF. CENTRAL	', '		', '		', '	FUNCIONARIO	'),
(61, '	TÉCNICO DE  PASAJES Y VIÁTICOS	', '	TECNICO IV	', 12, '	61	', '8.355', '	OF. CENTRAL	', '		', '		', '	FUNCIONARIO	'),
(60, '	TÉCNICO PRESUPUESTARIO	', '	TECNICO IV	', 12, '	60	', '8.355', '	OF. CENTRAL	', '		', '		', '	FUNCIONARIO	'),
(59, '	TÉCNICO PRESUPUESTARIO	', '	TECNICO IV	', 12, '	59	', '8.355', '	OF. CENTRAL	', '		', '		', '	FUNCIONARIO	'),
(58, '	PROFESIONAL DE CONTABILIDAD	', '	PROFESIONAL V	', 12, '	58	', '11.853', '	OF. CENTRAL	', '		', '		', '	FUNCIONARIO	'),
(57, '	PROFESIONAL DE TESORERÍA	', '	PROFESIONAL V	', 12, '	57	', '11.853', '	OF. CENTRAL	', '		', '		', '	FUNCIONARIO	'),
(56, '	PROFESIONAL DE PRESUPUESTO	', '	PROFESIONAL V 	', 12, '	56	', '11.853', '	OF. CENTRAL	', '		', '		', '	FUNCIONARIO	'),
(55, '	JEFE DE LA UNIDAD FINANCIERA	', '	JEFE DE UNIDAD IV - ESPECIALISTA II	', 12, '	55	', '16.306', '	OF. CENTRAL	', '		', '		', '	FUNCIONARIO	'),
(54, '	UJIER DE DIRECCIÓN GENERAL	', '	ADMINISTRATIVO II - UJIER DE DIRECCIÓN GRAL.	', 11, '	54	', '5.283', '	OF. CENTRAL	', '		', '		', '	FUNCIONARIO	'),
(53, '	SECRETARIA DIRECCIÓN GENERAL	', '	TECNICO VI - SECRETARIA DIRECCIÓN GRAL. - CHOFER MINISTRO - UJIER MINISTRO	', 11, '	53	', '6.640', '	OF. CENTRAL	', '		', '		', '	FUNCIONARIO	'),
(52, '	ADMINISTRATIVO FINANCIERO	', '	TECNICO V - SECRETARIA VICEMINISTRO	', 11, '	52	', '7.425', '	OF. CENTRAL	', '		', '		', '	FUNCIONARIO	'),
(51, '	ADMINISTRATIVO FINANCIERO	', '	PROFESIONAL VIII - TECNICO II - SECRETARIA PRESIDENTE	', 11, '	51	', '9.782', '	OF. CENTRAL	', '		', '		', '	FUNCIONARIO	'),
(50, '	ADMINISTRATIVO FINANCIERO	', '	PROFESIONAL VII - TECNICO I	', 11, '	50	', '10.282', '	OF. CENTRAL	', '		', '		', '	FUNCIONARIO	'),
(49, '	ADMINISTRATIVO FINANCIERO	', '	PROFESIONAL VII - TECNICO I	', 11, '	49	', '10.282', '	OF. CENTRAL	', '		', '		', '	FUNCIONARIO	'),
(48, '	DIRECTOR GENERAL DE ASUNTOS  ADMINISTRATIVOS	', '	DIRECTOR GENERAL - SECRET. PRIV. PRES.	', 11, '	48	', '19.535', '	OF. CENTRAL	', '		', '		', '	FUNCIONARIO	'),
(47, '	TÉCNICO PREPARACIÓN Y EVALUACIÓN DE PROYECTOS TURÍSTICOS Y PROYECTOS DE LEY	', '	TECNICO VI - SECRETARIA DIRECCIÓN GRAL. - CHOFER MINISTRO - UJIER MINISTRO	', 10, '	47	', '6.640', '	EDIFICIO BALLIVIAN 	', '		', '		', '	FUNCIONARIO	'),
(46, '	COORDINADOR DE PLANIFICACIÓN Y MONITOREO	', '	PROFESIONAL VII - TECNICO I	', 10, '	46	', '10.282', '	EDIFICIO BALLIVIAN 	', '		', '		', '	FUNCIONARIO	'),
(45, '	JEFE DE LA UNIDAD DE SEGUIMIENTO Y FISCALIZACION DE PROYECTOS	', '	JEFE DE UNIDAD IV - ESPECIALISTA II	', 10, '	45	', '16.306', '	EDIFICIO BALLIVIAN 	', '		', '		', '	FUNCIONARIO	'),
(44, '	COORDINADOR DE  CONSEJOS DEPARTAMENTALES DE CULTURA	', '	TECNICO IV	', 9, '	44	', '8.355', '	EDIFICIO AGUIRRE	', '		', '		', '	FUNCIONARIO	'),
(43, '	JEFE DE LA UNIDAD DE COORDINACIÓN DE CONSEJOS DEPARTAMENTALES DE CULTURA	', '	JEFE DE UNIDAD IV - ESPECIALISTA II	', 9, '	43	', '16.306', '	EDIFICIO AGUIRRE	', '		', '		', '	FUNCIONARIO	'),
(42, '	TÉCNICO DE SISTEMAS DE INFORMACIÓN 	', '	TECNICO VI - SECRETARIA DIRECCIÓN GRAL. - CHOFER MINISTRO - UJIER MINISTRO	', 8, '	42	', '6.640', '	OF. CENTRAL	', '		', '		', '	FUNCIONARIO	'),
(41, '	ASISTENTE ADMINISTRATIVO - SISTEMAS	', '	TECNICO V - SECRETARIA VICEMINISTRO	', 8, '	41	', '7.425', '	OF. CENTRAL	', '		', '		', '	FUNCIONARIO	'),
(40, '	TÉCNICO SISTEMAS 	', '	TECNICO V - SECRETARIA VICEMINISTRO	', 8, '	40	', '7.425', '	OF. CENTRAL	', '		', '		', '	FUNCIONARIO	'),
(39, '	TÉCNICO SISTEMAS 	', '	TECNICO V - SECRETARIA VICEMINISTRO	', 8, '	39	', '7.425', '	OF. CENTRAL	', '		', '		', '	FUNCIONARIO	'),
(38, '	TÉCNICO EN SOPORTE DE SISTEMAS 	', '	TECNICO IV	', 8, '	38	', '8.355', '	OF. CENTRAL	', '		', '		', '	FUNCIONARIO	'),
(37, '	JEFE DE LA UNIDAD DE PLANIFICACIÓN Y TECNOLOGÍAS DE INFORMACIÓN	', '	JEFE DE UNIDAD IV - ESPECIALISTA II	', 8, '	37	', '16.306', '	OF. CENTRAL	', '		', '		', '	FUNCIONARIO	'),
(36, '	SECRETARIA DIRECCIÓN GENERAL	', '	TECNICO VI - SECRETARIA DIRECCIÓN GRAL. - CHOFER MINISTRO - UJIER MINISTRO	', 7, '	36	', '6.640', '	CASA PUEBLO	', '		', '		', '	FUNCIONARIO	'),
(35, '	PROFESIONAL/TÉCNICO EN PLANIFICACIÓN ESTRATEGICA Y OPERATIVA	', '	PROFESIONAL VII - TECNICO I	', 7, '	35	', '10.282', '	CASA PUEBLO	', '		', '		', '	FUNCIONARIO	'),
(34, '	PROFESIONAL/TÉCNICO EN PLANIFICACIÓN ESTRATEGICA Y OPERATIVA	', '	PROFESIONAL VII - TECNICO I	', 7, '	34	', '10.282', '	CASA PUEBLO	', '		', '		', '	FUNCIONARIO	'),
(33, '	PROFESIONAL/TÉCNICO EN PLANIFICACIÓN ESTRATEGICA Y OPERATIVA	', '	PROFESIONAL VII - TECNICO I	', 7, '	33	', '10.282', '	CASA PUEBLO	', '		', '		', '	FUNCIONARIO	'),
(32, '	PROFESIONAL/TÉCNICO EN PLANIFICACIÓN ESTRATEGICA Y OPERATIVA	', '	PROFESIONAL VII - TECNICO I	', 7, '	32	', '10.282', '	CASA PUEBLO	', '		', '		', '	FUNCIONARIO	'),
(31, '	DIRECTOR GENERAL DE PLANIFICACIÓN 	', '	DIRECTOR GENERAL - SECRET. PRIV. PRES.	', 7, '	31	', '19.535', '	CASA PUEBLO	', '		', '		', '	FUNCIONARIO	'),
(30, '	PROFESIONAL/TÉCNICO EN RELACIONES INTERNACIONALES	', '	PROFESIONAL VII - TECNICO I	', 6, '	30	', '10.282', '	CASA PUEBLO	', '		', '		', '	FUNCIONARIO	'),
(29, '	PROFESIONAL/TÉCNICO EN RELACIONES INTERNACIONALES	', '	PROFESIONAL VII - TECNICO I	', 6, '	29	', '10.282', '	CASA PUEBLO	', '		', '		', '	FUNCIONARIO	'),
(28, '	JEFE DE LA UNIDAD DE RELACIONES INTERNACIONALES	', '	JEFE DE UNIDAD IV - ESPECIALISTA II	', 6, '	28	', '16.306', '	CASA PUEBLO	', '		', '		', '	FUNCIONARIO	'),
(27, '	PROFESIONAL/TÉCNICO ADMINISTRATIVO	', '	PROFESIONAL VII - TECNICO I	', 5, '	27	', '10.282', '	SANTA CRUZ	', '		', '		', '	FUNCIONARIO	'),
(26, '	PROFESIONAL/TÉCNICO EN GESTIÓN - TURISMO	', '	PROFESIONAL VII - TECNICO I	', 5, '	26	', '10.282', '	SANTA CRUZ	', '		', '		', '	FUNCIONARIO	'),
(25, '	PROFESIONAL/TÉCNICO EN GESTIÓN -INTERCULTURALIDAD	', '	PROFESIONAL VII - TECNICO I	', 5, '	25	', '10.282', '	SANTA CRUZ	', '		', '		', '	FUNCIONARIO	'),
(24, '	PROFESIONAL/TÉCNICO EN GESTIÓN -DESCOLONIZACIÓN	', '	PROFESIONAL VII - TECNICO I	', 5, '	24	', '10.282', '	SANTA CRUZ	', '		', '		', '	FUNCIONARIO	'),
(23, '	JEFE REGIONAL	', '	JEFE DE UNIDAD IV - ESPECIALISTA II	', 5, '	23	', '16.306', '	SANTA CRUZ	', '		', '		', '	FUNCIONARIO	'),
(22, '	AUXILIAR  DE TRANSPARENCIA	', '	AUXILIAR II	', 4, '	22	', '3.212', '	CASA PUEBLO	', '		', '		', '	FUNCIONARIO	'),
(21, '	JEFE DE UNIDAD DE TRANSPARENCIA	', '	JEFE DE UNIDAD IV - ESPECIALISTA II	', 4, '	21	', '16.306', '	CASA PUEBLO	', '		', '		', '	FUNCIONARIO	'),
(20, '	UJIER DE UNIDAD	', '	ADMINISTRATIVO III - UJIER DE UNIDAD	', 3, '	20	', '4.641', '	CASA PUEBLO	', '		', '		', '	FUNCIONARIO	'),
(19, '	TECNICO  AUDITORIA	', '	TECNICO V - SECRETARIA VICEMINISTRO	', 3, '	19	', '7.425', '	CASA PUEBLO	', '		', '		', '	FUNCIONARIO	'),
(18, '	PROFESIONAL/TÉCNICO AUDITOR INTERNO 	', '	PROFESIONAL IX - TECNICO III - SECRETARIA MINISTRO	', 3, '	18	', '8.925', '	CASA PUEBLO	', '		', '		', '	FUNCIONARIO	'),
(17, '	PROFESIONAL/TÉCNICO AUDITOR INTERNO 	', '	PROFESIONAL VIII - TECNICO II - SECRETARIA PRESIDENTE	', 3, '	17	', '9.782', '	CASA PUEBLO	', '		', '		', '	FUNCIONARIO	'),
(16, '	PROFESIONAL/TÉCNICO AUDITOR INTERNO 	', '	PROFESIONAL VII - TECNICO I	', 3, '	16	', '10.282', '	CASA PUEBLO	', '		', '		', '	FUNCIONARIO	'),
(15, '	JEFE DE AUDITORIA INTERNA	', '	JEFE DE UNIDAD IV - ESPECIALISTA II	', 3, '	15	', '16.306', '	CASA PUEBLO	', '		', '		', '	FUNCIONARIO	'),
(14, '	SECRETARIA DE UNIDAD	', '	ADMINISTRATIVO I - SECRETARIA DE UNIDAD - CHOFER VICEMINISTRO - UJIER VICEMINISTRO	', 2, '	14	', '5.741', '	CASA PUEBLO	', '		', '		', '	FUNCIONARIO	'),
(13, '	TÉCNICO MONITOREO DE NOTICIAS	', '	TECNICO V - SECRETARIA VICEMINISTRO	', 2, '	13	', '7.425', '	CASA PUEBLO	', '		', '		', '	FUNCIONARIO	'),
(12, '	TECNICO EN COMUNICACIÓN	', '	TECNICO IV	', 2, '	12	', '8.355', '	CASA PUEBLO	', '		', '		', '	FUNCIONARIO	'),
(11, '	COORDINADOR EN PRENSA	', '	TECNICO IV	', 2, '	11	', '8.355', '	CASA PUEBLO	', '		', '		', '	FUNCIONARIO	'),
(10, '	JEFE DE UNIDAD DE COMUNICACIÓN SOCIAL	', '	JEFE DE UNIDAD IV - ESPECIALISTA II	', 2, '	10	', '16.306', '	CASA PUEBLO	', '		', '		', '	FUNCIONARIO	'),
(9, '	ASISTENTE ADMINISTRATIVO 	', '	ADMINISTRATIVO II - UJIER DE DIRECCIÓN GRAL.	', 1, '	9	', '5.283', '	CASA PUEBLO	', '		', '		', '	FUNCIONARIO	'),
(8, '	UJIER MINISTRO	', '	TECNICO VI - SECRETARIA DIRECCIÓN GRAL. - CHOFER MINISTRO - UJIER MINISTRO	', 1, '	8	', '6.640', '	CASA PUEBLO	', '		', '		', '	FUNCIONARIO	'),
(7, '	CHOFER  MINISTRO	', '	TECNICO VI - SECRETARIA DIRECCIÓN GRAL. - CHOFER MINISTRO - UJIER MINISTRO	', 1, '	7	', '6.640', '	CASA PUEBLO	', '		', '		', '	FUNCIONARIO	'),
(6, '	ENCARGADO DE PROTOCOLO	', '	PROFESIONAL IX - TECNICO III - SECRETARIA MINISTRO	', 1, '	6	', '8.925', '	PLAZA MURILLO	', '		', '		', '	FUNCIONARIO	'),
(5, '	SECRETARIA 	', '	PROFESIONAL IX - TECNICO III - SECRETARIA MINISTRO	', 1, '	5	', '8.925', '	CASA PUEBLO	', '		', '		', '	FUNCIONARIO	'),
(4, '	COORDINADOR	', '	PROFESIONAL V	', 1, '	4	', '11.853', '	CASA PUEBLO	', '		', '		', '	FUNCIONARIO	'),
(3, '	JEFE DE GABINETE	', '	JEFE DE UNIDAD II - JEFE DE GABINETE	', 1, '	3	', '17.245', '	CASA PUEBLO	', '		', '		', '	FUNCIONARIO	'),
(2, '	ASESOR 	', '	JEFE DE UNIDAD I - ASESOR	', 1, '	2	', '18.727', '	CASA PUEBLO	', '		', '		', '	FUNCIONARIO	'),
(1, '	MINISTRA DE CULTURAS Y TURISMO	', '	MINISTRO(A) DE ESTADO	', 1, '	1	', '21.556', '	CASA PUEBLO	', '		', '		', '	FUNCIONARIO	'),
(134, '	TÉCNICO EN ARTES POPULARES Y ARTES PLÁSTICAS	', '	TECNICO IV	', 21, '	135	', '8.355', '	OF. CENTRAL	', '		', '		', '	FUNCIONARIO	'),
(135, '	TÉCNICO  DE ESPACIOS CULTURALES	', '	TECNICO V - SECRETARIA VICEMINISTRO	', 21, '	137	', '7.425', '	OF. CENTRAL	', '		', '		', '	FUNCIONARIO	'),
(136, '	ASISTENTE PRODUCCIÓN DE EVENTOS 	', '	ADMINISTRATIVO II - UJIER DE DIRECCIÓN GRAL.	', 21, '	138	', '5.283', '	OF. CENTRAL	', '		', '		', '	FUNCIONARIO	'),
(137, '	ASISTENTE ADMINISTRATIVO	', '	ADMINISTRATIVO II - UJIER DE DIRECCIÓN GRAL.	', 21, '	139	', '5.283', '	OF. CENTRAL	', '		', '		', '	FUNCIONARIO	'),
(138, '	ASISTENTE PROMOTOR CULTURAL	', '	ADMINISTRATIVO II - UJIER DE DIRECCIÓN GRAL.	', 21, '	140	', '5.283', '	OF. CENTRAL	', '		', '		', '	FUNCIONARIO	'),
(139, '	JEFE DE LA UNIDAD DE PRODUCCIÓN COMUNICACIONAL	', '	JEFE DE UNIDAD IV - ESPECIALISTA II	', 22, '	141	', '16.306', '	OF. CENTRAL	', '		', '		', '	FUNCIONARIO	'),
(140, '	TÉCNICO EDITOR REALIZADOR 1	', '	TECNICO IV	', 22, '	142	', '8.355', '	OF. CENTRAL	', '		', '		', '	FUNCIONARIO	'),
(141, '	TÉCNICO DISEÑO GRÁFICO 1	', '	TECNICO IV	', 22, '	143	', '8.355', '	OF. CENTRAL	', '		', '		', '	FUNCIONARIO	'),
(142, '	TÉCNICO PRODUCTOR DE TV, RADIO, PRENSA Y MONITOREO	', '	TECNICO IV	', 22, '	144	', '8.355', '	OF. CENTRAL	', '		', '		', '	FUNCIONARIO	'),
(143, '	ASISTENTE DE PRODUCCIÓN DE RADIO Y TELEVISIÓN 	', '	TECNICO V - SECRETARIA VICEMINISTRO	', 22, '	145	', '7.425', '	OF. CENTRAL	', '		', '		', '	FUNCIONARIO	'),
(144, '	TÉCNICO CAMARÓGRAFO	', '	TECNICO V - SECRETARIA VICEMINISTRO	', 22, '	146	', '7.425', '	OF. CENTRAL	', '		', '		', '	FUNCIONARIO	'),
(145, '	TÉCNICO AUDIOVISUAL	', '	TECNICO V - SECRETARIA VICEMINISTRO	', 22, '	147	', '7.425', '	OF. CENTRAL	', '		', '		', '	FUNCIONARIO	'),
(146, '	TÉCNICO EDITOR REALIZADOR 2	', '	ADMINISTRATIVO I - SECRETARIA DE UNIDAD - CHOFER VICEMINISTRO - UJIER VICEMINISTRO	', 22, '	148	', '5.741', '	OF. CENTRAL	', '		', '		', '	FUNCIONARIO	'),
(147, '	TÉCNICO GRAFICO	', '	ADMINISTRATIVO I - SECRETARIA DE UNIDAD - CHOFER VICEMINISTRO - UJIER VICEMINISTRO	', 22, '	149	', '5.741', '	COLON	', '		', '		', '	FUNCIONARIO	'),
(148, '	UJIER DE UNIDAD	', '	ADMINISTRATIVO III - UJIER DE UNIDAD	', 22, '	150	', '4.641', '	OF. CENTRAL	', '		', '		', '	FUNCIONARIO	'),
(149, '	ASISTENTE DE PRODUCCIÓN COMUNICACIONAL	', '	ADMINISTRATIVO IV	', 22, '	151	', '4.355', '	OF. CENTRAL	', '		', '		', '	FUNCIONARIO	'),
(150, '	AUXILIAR GRAFICO 	', '	AUXILIAR II	', 22, '	152	', '3.212', '	COLON	', '		', '		', '	FUNCIONARIO	'),
(151, '	ADMINISTRATIVO	', '	AUXILIAR II	', 22, '	153	', '3.212', '	OF. CENTRAL	', '		', '		', '	FUNCIONARIO	'),
(152, '	AUXILIAR DE PRODUCCION COMUNICACIONAL	', '	AUXILIAR II	', 22, '	154	', '3.212', '	OF. CENTRAL	', '		', '		', '	FUNCIONARIO	'),
(153, '	DIRECTOR ACADÉMICO BALLET OFICIAL DE BOLIVIA	', '	PROFESIONAL VII - TECNICO I	', 23, '	155	', '10.282', '	INDABURO ESCUELA BALET	', '		', '		', '	FUNCIONARIO	'),
(154, '	AUXILIAR ADMINISTRATIVO	', '	AUXILIAR II	', 23, '	156	', '3.212', '	INDABURO ESCUELA BALET	', '		', '		', '	FUNCIONARIO	'),
(155, '	DIRECTOR ACADÉMICO BALLET FOLKLÓRICO	', '	PROFESIONAL VII - TECNICO I	', 23, '	157	', '10.282', '	EDIFICIO AGUIRRE	', '		', '		', '	FUNCIONARIO	'),
(156, '	TÉCNICO ARTÍSTICO COREÓGRAFO	', '	ADMINISTRATIVO I - SECRETARIA DE UNIDAD - CHOFER VICEMINISTRO - UJIER VICEMINISTRO	', 23, '	158	', '5.741', '	EDIFICIO AGUIRRE	', '		', '		', '	FUNCIONARIO	'),
(157, '	TÉCNICA FOLKLÓRICA - ENCARGADA DE VESTUARIO	', '	ADMINISTRATIVO II - UJIER DE DIRECCIÓN GRAL.	', 23, '	159	', '5.283', '	EDIFICIO AGUIRRE	', '		', '		', '	FUNCIONARIO	'),
(158, '	ADMINISTRATIVO	', '	ADMINISTRATIVO III - UJIER DE UNIDAD	', 23, '	160	', '4.641', '	EDIFICIO AGUIRRE	', '		', '		', '	FUNCIONARIO	'),
(159, '	BAILARÍN	', '	AUXILIAR II	', 23, '	161	', '3.212', '	EDIFICIO AGUIRRE	', '		', '		', '	FUNCIONARIO	'),
(160, '	BAILARÍN	', '	AUXILIAR II	', 23, '	162	', '3.212', '	EDIFICIO AGUIRRE	', '		', '		', '	FUNCIONARIO	'),
(161, '	BAILARÍN	', '	AUXILIAR II	', 23, '	163	', '3.212', '	EDIFICIO AGUIRRE	', '		', '		', '	FUNCIONARIO	'),
(162, '	DIRECTOR ACADÉMICO SOCIEDAD CORAL BOLIVIANA	', '	PROFESIONAL VII - TECNICO I	', 23, '	164	', '10.282', '	AYACUCHO	', '		', '		', '	FUNCIONARIO	'),
(163, '	TÉCNICO ACADÉMICO DE LA CORAL  BOLIVIANA	', '	ADMINISTRATIVO I - SECRETARIA DE UNIDAD - CHOFER VICEMINISTRO - UJIER VICEMINISTRO	', 23, '	165	', '5.741', '	AYACUCHO	', '		', '		', '	FUNCIONARIO	'),
(164, '	ASISTENTE COORDINADOR 	', '	AUXILIAR II	', 23, '	166	', '3.212', '	EDIFICIO AGUIRRE	', '		', '		', '	FUNCIONARIO	'),
(165, '	ASISTENTE ADMINISTRATIVO	', '	AUXILIAR II	', 23, '	167	', '3.212', '	EDIFICIO AGUIRRE	', '		', '		', '	FUNCIONARIO	'),
(166, '	DIRECTOR GENERAL DE PATRIMONIO CULTURAL	', '	DIRECTOR GENERAL - SECRET. PRIV. PRES.	', 24, '	168	', '19.535', '	PLAZA MURILLO	', '		', '		', '	FUNCIONARIO	'),
(167, '	SECRETARIA DIRECCIÓN GENERAL	', '	TECNICO VI - SECRETARIA DIRECCIÓN GRAL. - CHOFER MINISTRO - UJIER MINISTRO	', 24, '	169	', '6.640', '	PLAZA MURILLO	', '		', '		', '	FUNCIONARIO	'),
(168, '	COORDINADOR CAMINOS PRE HISPÁNICOS BOLIVIA	', '	PROFESIONAL IX - TECNICO III - SECRETARIA MINISTRO	', 24, '	170	', '8.925', '	PLAZA MURILLO	', '		', '		', '	FUNCIONARIO	'),
(169, '	ARQUITECTO 	', '	PROFESIONAL IX - TECNICO III - SECRETARIA MINISTRO	', 24, '	171	', '8.925', '	PLAZA MURILLO	', '		', '		', '	FUNCIONARIO	'),
(170, '	TÉCNICO DE PATRIMONIO	', '	TECNICO V - SECRETARIA VICEMINISTRO	', 24, '	172	', '7.425', '	CALLE TIAWANACU	', '		', '		', '	FUNCIONARIO	'),
(171, '	JEFE DE LA UNIDAD DE ARQUEOLOGÍA Y MUSEOS	', '	JEFE DE UNIDAD IV - ESPECIALISTA II	', 25, '	173	', '16.306', '	CALLE TIAWANACU	', '		', '		', '	FUNCIONARIO	'),
(172, '	PROFESIONAL/TÉCNICO ARQUEÓLOGO	', '	PROFESIONAL VII - TECNICO I	', 25, '	174	', '10.282', '	CALLE TIAWANACU	', '		', '		', '	FUNCIONARIO	'),
(173, '	PROFESIONAL/TÉCNICO DE ARQUEOLOGIA Y MUSEO	', '	PROFESIONAL VIII - TECNICO II - SECRETARIA PRESIDENTE	', 25, '	175	', '9.782', '	CALLE TIAWANACU	', '		', '		', '	FUNCIONARIO	'),
(174, '	PROFESIONAL/TÉCNICO DE MUSEO DE ARQUEOLOGÍA	', '	PROFESIONAL IX - TECNICO III - SECRETARIA MINISTRO	', 25, '	176	', '8.925', '	CALLE TIAWANACU	', '		', '		', '	FUNCIONARIO	'),
(175, '	TÉCNICO ESPECIALISTA EN REGISTROS ARQUEOLÓGICOS	', '	TECNICO IV	', 25, '	177	', '8.355', '	CALLE TIAWANACU	', '		', '		', '	FUNCIONARIO	'),
(176, '	TÉCNICO ESPECIALISTA DE REGISTRO DE SITIOS	', '	TECNICO IV	', 25, '	178	', '8.355', '	CALLE TIAWANACU	', '		', '		', '	FUNCIONARIO	'),
(177, '	TÉCNICO ANTROPÓLOGO	', '	TECNICO IV	', 25, '	179	', '8.355', '	CALLE TIAWANACU	', '		', '		', '	FUNCIONARIO	'),
(178, '	TÉCNICO DE REGISTRO DE BIENES ARQUEOLÓGICOS	', '	TECNICO V - SECRETARIA VICEMINISTRO	', 25, '	180	', '7.425', '	CALLE TIAWANACU	', '		', '		', '	FUNCIONARIO	'),
(179, '	TÉCNICO BIBLIOTECA MUSEO DE ARQUEOLOGÍA	', '	TECNICO V - SECRETARIA VICEMINISTRO	', 25, '	181	', '7.425', '	CALLE TIAWANACU	', '		', '		', '	FUNCIONARIO	'),
(180, '	ADMINISTRATIVO	', '	ADMINISTRATIVO I - SECRETARIA DE UNIDAD - CHOFER VICEMINISTRO - UJIER VICEMINISTRO	', 25, '	182	', '5.741', '	CALLE TIAWANACU	', '		', '		', '	FUNCIONARIO	'),
(181, '	ASISTENTE BIBLIOTECA MUSEO DE ARQUEOLOGÍA	', '	ADMINISTRATIVO III - UJIER DE UNIDAD	', 25, '	183	', '4.641', '	CALLE TIAWANACU	', '		', '		', '	FUNCIONARIO	'),
(182, '	ADMINISTRATIVO	', '	ADMINISTRATIVO III - UJIER DE UNIDAD	', 25, '	184	', '4.641', '	CALLE TIAWANACU	', '		', '		', '	FUNCIONARIO	'),
(183, '	TÉCNICO ANTROPÓLOGO MEDIOAMBIENTE	', '	ADMINISTRATIVO III - UJIER DE UNIDAD	', 25, '	185	', '4.641', '	CALLE TIAWANACU	', '		', '		', '	FUNCIONARIO	'),
(184, '	AUXILIAR 	', '	AUXILIAR II	', 25, '	186	', '3.212', '	CALLE TIAWANACU	', '		', '		', '	FUNCIONARIO	'),
(185, '	JEFE DE LA UNIDAD DE MONUMENTOS Y SITIOS HISTORICOS, BIENES CULTURALES	', '	JEFE DE UNIDAD IV - ESPECIALISTA II	', 26, '	187	', '16.306', '	PLAZA MURILLO	', '		', '		', '	FUNCIONARIO	'),
(186, '	PROFESIONAL/TÉCNICO DE PATRIMONIO MUEBLES	', '	PROFESIONAL VII - TECNICO I	', 26, '	188	', '10.282', '	PLAZA MURILLO	', '		', '		', '	FUNCIONARIO	'),
(187, '	PROFESIONAL/TÉCNICO DE INVENTARIO Y CATALOGACIÓN	', '	PROFESIONAL VIII - TECNICO II - SECRETARIA PRESIDENTE	', 26, '	189	', '9.782', '	PLAZA MURILLO	', '		', '		', '	FUNCIONARIO	'),
(188, '	ARQUITECTO RESTAURADOR	', '	PROFESIONAL VIII - TECNICO II - SECRETARIA PRESIDENTE	', 26, '	190	', '9.782', '	PLAZA MURILLO	', '		', '		', '	FUNCIONARIO	'),
(189, '	PROFESIONAL/TÉCNICO ANALISTA EN ESTRUCTURAS HISTÓRICAS	', '	PROFESIONAL VIII - TECNICO II - SECRETARIA PRESIDENTE	', 26, '	191	', '9.782', '	PLAZA MURILLO	', '		', '		', '	FUNCIONARIO	'),
(190, '	PROFESIONAL/TÉCNICO ESPECIALISTA EN RESTAURACIÓN	', '	PROFESIONAL VIII - TECNICO II - SECRETARIA PRESIDENTE	', 26, '	192	', '9.782', '	PLAZA MURILLO	', '		', '		', '	FUNCIONARIO	'),
(191, '	TÉCNICO ESPECIALISTA RESTAURADORA	', '	TECNICO V - SECRETARIA VICEMINISTRO	', 26, '	193	', '7.425', '	PLAZA MURILLO	', '		', '		', '	FUNCIONARIO	'),
(192, '	TÉCNICO ESPECIALISTA RESTAURADORA	', '	TECNICO V - SECRETARIA VICEMINISTRO	', 26, '	194	', '7.425', '	PLAZA MURILLO	', '		', '		', '	FUNCIONARIO	'),
(193, '	ADMINISTRATIVO	', '	ADMINISTRATIVO I - SECRETARIA DE UNIDAD - CHOFER VICEMINISTRO - UJIER VICEMINISTRO	', 26, '	195	', '5.741', '	PLAZA MURILLO	', '		', '		', '	FUNCIONARIO	'),
(194, '	TÉCNICO RESTAURADOR	', '	ADMINISTRATIVO III - UJIER DE UNIDAD	', 26, '	196	', '4.641', '	PLAZA MURILLO	', '		', '		', '	FUNCIONARIO	'),
(195, '	JEFE DE LA UNIDAD DE PATRIMONIO INMATERIAL	', '	JEFE DE UNIDAD IV - ESPECIALISTA II	', 27, '	197	', '16.306', '	PLAZA MURILLO	', '		', '		', '	FUNCIONARIO	'),
(196, '	PROFESIONAL/TÉCNICO ANTROPÓLOGO	', '	PROFESIONAL VII - TECNICO I	', 27, '	198	', '10.282', '	PLAZA MURILLO	', '		', '		', '	FUNCIONARIO	'),
(197, '	TÉCNICO CATALOGADOR	', '	TECNICO V - SECRETARIA VICEMINISTRO	', 27, '	199	', '7.425', '	PLAZA MURILLO	', '		', '		', '	FUNCIONARIO	'),
(198, '	TÉCNICO PREVENCIÓN DE TRAFICO DE BIENES CULTURALES	', '	TECNICO VI - SECRETARIA DIRECCIÓN GRAL. - CHOFER MINISTRO - UJIER MINISTRO	', 27, '	200	', '6.640', '	PLAZA MURILLO	', '		', '		', '	FUNCIONARIO	'),
(199, '	TÉCNICO ANTROPÓLOGO ETNOMUSICÓLOGO	', '	TECNICO VI - SECRETARIA DIRECCIÓN GRAL. - CHOFER MINISTRO - UJIER MINISTRO	', 27, '	201	', '6.640', '	PLAZA MURILLO	', '		', '		', '	FUNCIONARIO	'),
(200, '	ADMINISTRATIVO DE PATRIMONIO INMATERIAL	', '	ADMINISTRATIVO I - SECRETARIA DE UNIDAD - CHOFER VICEMINISTRO - UJIER VICEMINISTRO	', 27, '	202	', '5.741', '	PLAZA MURILLO	', '		', '		', '	FUNCIONARIO	'),
(201, '	TÉCNICO ANTROPÓLOGO HISTORIADOR	', '	ADMINISTRATIVO III - UJIER DE UNIDAD	', 27, '	203	', '4.641', '	PLAZA MURILLO	', '		', '		', '	FUNCIONARIO	'),
(202, '	TÉCNICO EVALUADOR ARTÍSTICO	', '	ADMINISTRATIVO III - UJIER DE UNIDAD	', 27, '	204	', '4.641', '	PLAZA MURILLO	', '		', '		', '	FUNCIONARIO	'),
(203, '	UJIER DE UNIDAD	', '	ADMINISTRATIVO III - UJIER DE UNIDAD	', 27, '	205	', '4.641', '	PLAZA MURILLO	', '		', '		', '	FUNCIONARIO	'),
(204, '	COORDINADOR GENERAL DESCOLONIZACIÓN	', '	PROFESIONAL V	', 28, '	207	', '11.853', '	EDIFICIO AGUIRRE	', '		', '		', '	FUNCIONARIO	'),
(205, '	SECRETARIA VICEMINISTERIO	', '	TECNICO V - SECRETARIA VICEMINISTRO	', 28, '	208	', '7.425', '	EDIFICIO AGUIRRE	', '		', '		', '	FUNCIONARIO	'),
(206, '	CHOFER  VICEMINISTRO	', '	ADMINISTRATIVO I - SECRETARIA DE UNIDAD - CHOFER VICEMINISTRO - UJIER VICEMINISTRO	', 28, '	209	', '5.741', '	EDIFICIO AGUIRRE	', '		', '		', '	FUNCIONARIO	'),
(207, '	UJIER VICEMINISTRO	', '	ADMINISTRATIVO I - SECRETARIA DE UNIDAD - CHOFER VICEMINISTRO - UJIER VICEMINISTRO	', 28, '	210	', '5.741', '	EDIFICIO AGUIRRE	', '		', '		', '	FUNCIONARIO	'),
(208, '	TÉCNICO ADMINISTRATIVO 	', '	ADMINISTRATIVO III - UJIER DE UNIDAD	', 28, '	211	', '4.641', '	EDIFICIO AGUIRRE	', '		', '		', '	FUNCIONARIO	'),
(209, '	ASISTENTE ADMINISTRATIVO	', '	ADMINISTRATIVO III - UJIER DE UNIDAD	', 28, '	212	', '4.641', '	EDIFICIO AGUIRRE	', '		', '		', '	FUNCIONARIO	'),
(210, '	TÉCNICO COORDINADOR 	', '	TECNICO V - SECRETARIA VICEMINISTRO	', 29, '	214	', '7.425', '	EDIFICIO AGUIRRE	', '		', '		', '	FUNCIONARIO	'),
(211, '	SECRETARIA DIRECCIÓN GENERAL	', '	TECNICO VI - SECRETARIA DIRECCIÓN GRAL. - CHOFER MINISTRO - UJIER MINISTRO	', 29, '	215	', '6.640', '	EDIFICIO AGUIRRE	', '		', '		', '	FUNCIONARIO	'),
(212, '	UJIER DE DIRECCIÓN GENERAL	', '	ADMINISTRATIVO II - UJIER DE DIRECCIÓN GRAL.	', 29, '	216	', '5.283', '	EDIFICIO AGUIRRE	', '		', '		', '	FUNCIONARIO	'),
(213, '	AUXILIAR - MENSAJERO	', '	ADMINISTRATIVO III - UJIER DE UNIDAD	', 29, '	217	', '4.641', '	EDIFICIO AGUIRRE	', '		', '		', '	FUNCIONARIO	'),
(214, '	JEFE DE LA UNIDAD DE GESTIÓN DE LA DESCOLONIZACIÓN ENTIDADES TERRITORIALES AUTÓNOMAS	', '	JEFE DE UNIDAD IV - ESPECIALISTA II	', 30, '	218	', '16.306', '	EDIFICIO AGUIRRE	', '		', '		', '	FUNCIONARIO	'),
(215, '	TÉCNICO COORDINADOR CON ENTIDADES TERRITORIALES 	', '	TECNICO V - SECRETARIA VICEMINISTRO	', 30, '	219	', '7.425', '	EDIFICIO AGUIRRE	', '		', '		', '	FUNCIONARIO	'),
(216, '	TÉCNICO ADMINISTRATIVO	', '	ADMINISTRATIVO III - UJIER DE UNIDAD	', 30, '	220	', '4.641', '	EDIFICIO AGUIRRE	', '		', '		', '	FUNCIONARIO	'),
(217, '	JEFE DE LA UNIDAD DE ANTROPOLOGÍA Y PROMOCIÓN DE SABERES Y CONOCIMIENTOS ANCESTRALES	', '	JEFE DE UNIDAD IV - ESPECIALISTA II	', 31, '	221	', '16.306', '	EDIFICIO AGUIRRE	', '		', '		', '	FUNCIONARIO	'),
(218, '	PROFESIONAL/TÉCNICO DE PROYECTOS DE SABERES Y CONOCIMIENTOS ANCESTRALES	', '	PROFESIONAL VII - TECNICO I	', 31, '	222	', '10.282', '	EDIFICIO AGUIRRE	', '		', '		', '	FUNCIONARIO	'),
(219, '	TÉCNICO DE PROMOCIÓN DE SABERES Y CONOCIMIENTOS ANCESTRALES 	', '	TECNICO V - SECRETARIA VICEMINISTRO	', 31, '	223	', '7.425', '	EDIFICIO AGUIRRE	', '		', '		', '	FUNCIONARIO	'),
(220, '	TÉCNICO DE PROMOCIÓN DE SABERES Y CONOCIMIENTOS ANCESTRALES 	', '	TECNICO V - SECRETARIA VICEMINISTRO	', 31, '	224	', '7.425', '	EDIFICIO AGUIRRE	', '		', '		', '	FUNCIONARIO	'),
(221, '	JEFE DE LA UNIDAD DE DESPATRIARCALIZACIÓN	', '	JEFE DE UNIDAD IV - ESPECIALISTA II	', 32, '	225	', '16.306', '	EDIFICIO AGUIRRE	', '		', '		', '	FUNCIONARIO	'),
(222, '	PROFESIONAL/TÉCNICO DE FORMACIÓN Y DOCUMENTACIÓN	', '	PROFESIONAL VII - TECNICO I	', 32, '	226	', '10.282', '	EDIFICIO AGUIRRE	', '		', '		', '	FUNCIONARIO	'),
(223, '	TÉCNICO DE DESPATRIARCALIZACIÓN	', '	ADMINISTRATIVO III - UJIER DE UNIDAD	', 32, '	227	', '4.641', '	EDIFICIO AGUIRRE	', '		', '		', '	FUNCIONARIO	'),
(224, '	UJIER DE UNIDAD	', '	ADMINISTRATIVO III - UJIER DE UNIDAD	', 32, '	228	', '4.641', '	EDIFICIO AGUIRRE	', '		', '		', '	FUNCIONARIO	'),
(225, '	PROFESIONAL/TÉCNICO DE LUCHA CONTRA EL RACISMO	', '	PROFESIONAL VII - TECNICO I	', 33, '	230	', '10.282', '	EDIFICIO AGUIRRE 	', '		', '		', '	FUNCIONARIO	'),
(226, '	PROFESIONAL/TÉCNICO EN GESTION PUBLICA Y DESCOLONIZACIÓN	', '	PROFESIONAL IX - TECNICO III - SECRETARIA MINISTRO	', 33, '	231	', '8.925', '	EDIFICIO AGUIRRE 	', '		', '		', '	FUNCIONARIO	'),
(227, '	PROFESIONAL/TÉCNICO  EN ADMINISTRACIÓN DE BASE DE DATOS Y SITIOS WEB	', '	PROFESIONAL IX - TECNICO III - SECRETARIA MINISTRO	', 33, '	232	', '8.925', '	EDIFICIO AGUIRRE 	', '		', '		', '	FUNCIONARIO	'),
(228, '	PROFESIONAL/TÉCNICO  EN POLITICAS PUBLICAS CONTRA OTRAS FORMAS DE DISCRIMINACIÓN Y APOYO AL COMITÉ NACIONAL 	', '	PROFESIONAL IX - TECNICO III - SECRETARIA MINISTRO	', 33, '	233	', '8.925', '	EDIFICIO AGUIRRE 	', '		', '		', '	FUNCIONARIO	'),
(229, '	PROFESIONAL/TÉCNICO EN MEDIOS DE COMUNICACIÓN  PARA PREVENCIÓN DEL RACISMO Y LA DISCRIMINACIÓN	', '	PROFESIONAL IX - TECNICO III - SECRETARIA MINISTRO	', 33, '	234	', '8.925', '	EDIFICIO AGUIRRE	', '		', '		', '	FUNCIONARIO	'),
(230, '	TECNICO EN ELABORACIÓN  DE MATERIAL DE PREVENCIÓN  DEL RACISMO Y LA DISCRIMINACIÓN	', '	TECNICO V - SECRETARIA VICEMINISTRO	', 33, '	235	', '7.425', '	EDIFICIO AGUIRRE 	', '		', '		', '	FUNCIONARIO	'),
(231, '	TECNICO DE APOYO  EN ADMINISTRACIÓN FINANCIERA , COMITÉ NACIONAL 	', '	TECNICO V - SECRETARIA VICEMINISTRO	', 33, '	236	', '7.425', '	EDIFICIO AGUIRRE 	', '		', '		', '	FUNCIONARIO	'),
(232, '	SECRETARIA DIRECCIÓN GENERAL	', '	TECNICO VI - SECRETARIA DIRECCIÓN GRAL. - CHOFER MINISTRO - UJIER MINISTRO	', 33, '	237	', '6.640', '	EDIFICIO AGUIRRE 	', '		', '		', '	FUNCIONARIO	'),
(233, '	TÉCNICO LUCHA CONTRA EL RACISMO	', '	TECNICO VI - SECRETARIA DIRECCIÓN GRAL. - CHOFER MINISTRO - UJIER MINISTRO	', 33, '	238	', '6.640', '	EDIFICIO AGUIRRE 	', '		', '		', '	FUNCIONARIO	'),
(234, '	ADMINISTRATIVO EN SEGUIMIENTO DE POLITICAS PUBLICAS EN LAS INSTITUCIONES  DEL ORGANO EJECUTIVO	', '	ADMINISTRATIVO I - SECRETARIA DE UNIDAD - CHOFER VICEMINISTRO - UJIER VICEMINISTRO	', 33, '	239	', '5.741', '	EDIFICIO AGUIRRE 	', '		', '		', '	FUNCIONARIO	'),
(235, '	ADMINISTRATIVO EN SEGUIMIENTO DE POLITICAS PUBLICAS EN LOS GOBIERNOS DEPARTAMENTALES	', '	ADMINISTRATIVO I - SECRETARIA DE UNIDAD - CHOFER VICEMINISTRO - UJIER VICEMINISTRO	', 33, '	240	', '5.741', '	EDIFICIO AGUIRRE	', '		', '		', '	FUNCIONARIO	'),
(236, '	ASISTENTE ADMINISTRATIVO	', '	AUXILIAR II	', 33, '	241	', '3.212', '	EDIFICIO AGUIRRE 	', '		', '		', '	FUNCIONARIO	'),
(237, '	JEFE DE LA UNIDAD DE GESTIÓN DE POLÍTICAS PUBLICAS CONTRA EL RACISMO Y LA DISCRIMINACIÓN	', '	JEFE DE UNIDAD IV - ESPECIALISTA II	', 34, '	242	', '16.306', '	EDIFICIO AGUIRRE 	', '		', '		', '	FUNCIONARIO	'),
(238, '	PROFESIONAL/TÉCNICO DE GESTION DE POLITICAS PUBLICAS	', '	PROFESIONAL VII - TECNICO I	', 34, '	243	', '10.282', '	EDIFICIO AGUIRRE 	', '		', '		', '	FUNCIONARIO	'),
(239, '	TÉCNICO DE GESTION DE POLITICAS PUBLICAS	', '	TECNICO V - SECRETARIA VICEMINISTRO	', 34, '	244	', '7.425', '	EDIFICIO AGUIRRE 	', '		', '		', '	FUNCIONARIO	'),
(240, '	TÉCNICO EN DISEÑO Y PUBLICIDAD  	', '	TECNICO VI - SECRETARIA DIRECCIÓN GRAL. - CHOFER MINISTRO - UJIER MINISTRO	', 34, '	245	', '6.640', '	EDIFICIO AGUIRRE 	', '		', '		', '	FUNCIONARIO	'),
(241, '	TÉCNICO DE GESTIÓN DE POLÍTICAS PUBLICAS CONTRA EL RACISMO Y LA DISCRIMINACIÓN	', '	TECNICO VI - SECRETARIA DIRECCIÓN GRAL. - CHOFER MINISTRO - UJIER MINISTRO	', 34, '	246	', '6.640', '	EDIFICIO AGUIRRE	', '		', '		', '	FUNCIONARIO	'),
(242, '	JEFE DE LA UNIDAD DE ENLACE CON ORGANIZACIONES SOCIALES Y SOCIEDAD CIVIL	', '	JEFE DE UNIDAD IV - ESPECIALISTA II	', 35, '	247	', '16.306', '	EDIFICIO AGUIRRE	', '		', '		', '	FUNCIONARIO	'),
(243, '	ANTROPÓLOGO – FÍSICO	', '	PROFESIONAL VII - TECNICO I	', 35, '	248	', '10.282', '	EDIFICIO AGUIRRE	', '		', '		', '	FUNCIONARIO	'),
(244, '	TÉCNICO ADMINISTRATIVO 	', '	ADMINISTRATIVO III - UJIER DE UNIDAD	', 35, '	249	', '4.641', '	EDIFICIO AGUIRRE	', '		', '		', '	FUNCIONARIO	'),
(245, '	TÉCNICO ENLACE CON ORGANIZACIONES  SOCIALES Y SOCIEDAD CIVIL	', '	ADMINISTRATIVO III - UJIER DE UNIDAD	', 35, '	250	', '4.641', '	EDIFICIO AGUIRRE 	', '		', '		', '	FUNCIONARIO	'),
(246, '	JEFE DE APLICACIÓN E IMPLEMENTACIÓN DE LA LEY 045	', '	JEFE DE UNIDAD IV - ESPECIALISTA II	', 36, '	251	', '16.306', '	EDIFICIO AGUIRRE	', '		', '		', '	FUNCIONARIO	'),
(247, '	PROFESIONAL/TÉCNICO EN PREVENCION Y SANCION DE ACTOS DE RACISMO Y TODA FORMA DE DISCRIMINACION	', '	PROFESIONAL VII - TECNICO I	', 36, '	252	', '10.282', '	EDIFICIO AGUIRRE 	', '		', '		', '	FUNCIONARIO	'),
(248, '	TÉCNICO COORDINACIÓN DE APLICACIÓN DE LA LEY 045	', '	TECNICO V - SECRETARIA VICEMINISTRO	', 36, '	253	', '7.425', '	EDIFICIO AGUIRRE 	', '		', '		', '	FUNCIONARIO	'),
(249, '	SECRETARIA VICEMINISTERIO	', '	TECNICO V - SECRETARIA VICEMINISTRO	', 37, '	255	', '7.425', '	EDIFICIO BALLIVIAN 	', '		', '		', '	FUNCIONARIO	'),
(250, '	BIBLIOTECARIA	', '	ADMINISTRATIVO I - SECRETARIA DE UNIDAD - CHOFER VICEMINISTRO - UJIER VICEMINISTRO	', 37, '	256	', '5.741', '	EDIFICIO BALLIVIAN 	', '		', '		', '	FUNCIONARIO	'),
(251, '	CHOFER VICEMINISTRO	', '	ADMINISTRATIVO I - SECRETARIA DE UNIDAD - CHOFER VICEMINISTRO - UJIER VICEMINISTRO	', 37, '	257	', '5.741', '	EDIFICIO BALLIVIAN 	', '		', '		', '	FUNCIONARIO	'),
(252, '	ADMINISTRATIVO	', '	ADMINISTRATIVO III - UJIER DE UNIDAD	', 37, '	258	', '4.641', '	EDIFICIO BALLIVIAN 	', '		', '		', '	FUNCIONARIO	'),
(253, '	TÉCNICO ADMINISTRATIVO	', '	ADMINISTRATIVO III - UJIER DE UNIDAD	', 37, '	259	', '4.641', '	EDIFICIO BALLIVIAN 	', '		', '		', '	FUNCIONARIO	'),
(254, '	SECRETARIA DIRECCIÓN GENERAL	', '	TECNICO VI - SECRETARIA DIRECCIÓN GRAL. - CHOFER MINISTRO - UJIER MINISTRO	', 38, '	261	', '6.640', '	EDIFICIO BALLIVIAN 	', '		', '		', '	FUNCIONARIO	'),
(255, '	UJIER DE DIRECCIÓN GENERAL	', '	ADMINISTRATIVO II - UJIER DE DIRECCIÓN GRAL.	', 38, '	262	', '5.283', '	EDIFICIO BALLIVIAN 	', '		', '		', '	FUNCIONARIO	'),
(256, '	JEFE DE LA UNIDAD DE PROMOCIÓN TURÍSTICA	', '	JEFE DE UNIDAD IV - ESPECIALISTA II	', 39, '	263	', '16.306', '	EDIFICIO BALLIVIAN 	', '		', '		', '	FUNCIONARIO	'),
(257, '	COORDINADOR DE  MERCADOS INTERNACIONALES	', '	PROFESIONAL VII - TECNICO I	', 39, '	264	', '10.282', '	EDIFICIO BALLIVIAN 	', '		', '		', '	FUNCIONARIO	'),
(258, '	COORDINADOR DE MERCADOS NACIONALES	', '	PROFESIONAL VII - TECNICO I	', 39, '	265	', '10.282', '	EDIFICIO BALLIVIAN 	', '		', '		', '	FUNCIONARIO	'),
(259, '	JEFE DE LA UNIDAD DE GESTIÓN Y DESARROLLO DEL TURISMO COMUNITARIO	', '	JEFE DE UNIDAD IV - ESPECIALISTA II	', 40, '	266	', '16.306', '	EDIFICIO BALLIVIAN 	', '		', '		', '	FUNCIONARIO	'),
(260, '	TÉCNICO DEPARTAMENTAL Y MUNICIPAL 	', '	TECNICO V - SECRETARIA VICEMINISTRO	', 40, '	267	', '7.425', '	EDIFICIO BALLIVIAN 	', '		', '		', '	FUNCIONARIO	'),
(261, '	TÉCNICO DE POLÍTICAS Y ESTRATEGIAS TURÍSTICAS	', '	ADMINISTRATIVO III - UJIER DE UNIDAD	', 40, '	268	', '4.641', '	EDIFICIO BALLIVIAN 	', '		', '		', '	FUNCIONARIO	'),
(262, '	DIRECTOR GENERAL DE CONTROL A LA ACTIVIDAD TURÍSTICA	', '	DIRECTOR GENERAL - SECRET. PRIV. PRES.	', 41, '	269	', '19.535', '	EDIFICIO BALLIVIAN 	', '		', '		', '	FUNCIONARIO	'),
(263, '	SECRETARIA DIRECCIÓN GENERAL	', '	TECNICO VI - SECRETARIA DIRECCIÓN GRAL. - CHOFER MINISTRO - UJIER MINISTRO	', 41, '	270	', '6.640', '	EDIFICIO BALLIVIAN 	', '		', '		', '	FUNCIONARIO	'),
(264, '	UJIER DE UNIDAD	', '	ADMINISTRATIVO III - UJIER DE UNIDAD	', 41, '	271	', '4.641', '	EDIFICIO BALLIVIAN 	', '		', '		', '	FUNCIONARIO	'),
(265, '	JEFE DE LA UNIDAD  DE REGULACION Y SERVICIOS TURISTICOS	', '	JEFE DE UNIDAD IV - ESPECIALISTA II	', 42, '	272	', '16.306', '	EDIFICIO BALLIVIAN 	', '		', '		', '	FUNCIONARIO	'),
(266, '	PROFESIONAL/TÉCNICO DE ESTADÍSTICAS	', '	PROFESIONAL VII - TECNICO I	', 42, '	273	', '10.282', '	EDIFICIO BALLIVIAN 	', '		', '		', '	FUNCIONARIO	'),
(267, '	PROFESIONAL/TÉCNICO EN INFORMACIÓN TURÍSTICA	', '	PROFESIONAL VII - TECNICO I	', 42, '	274	', '10.282', '	EDIFICIO BALLIVIAN 	', '		', '		', '	FUNCIONARIO	'),
(268, '	PROFESIONAL/TÉCNICO EN REGULACION Y SERVICIOS TURISTICOS	', '	PROFESIONAL VII - TECNICO I	', 42, '	275	', '10.282', '	EDIFICIO BALLIVIAN 	', '		', '		', '	FUNCIONARIO	'),
(269, '	TÉCNICO DE CONTROL DE CALIDAD DE LA ACTIVIDAD TURÍSTICA	', '	TECNICO V - SECRETARIA VICEMINISTRO	', 42, '	276	', '7.425', '	EDIFICIO BALLIVIAN 	', '		', '		', '	FUNCIONARIO	'),
(270, '	TÉCNICO GESTIÓN INTERINSTITUCIONAL Y DESARROLLO TURÍSTICO	', '	TECNICO V - SECRETARIA VICEMINISTRO	', 42, '	277	', '7.425', '	EDIFICIO BALLIVIAN 	', '		', '		', '	FUNCIONARIO	'),
(271, '	TÉCNICO DE NORMATIVA TURÍSTICA	', '	TECNICO V - SECRETARIA VICEMINISTRO	', 42, '	278	', '7.425', '	EDIFICIO BALLIVIAN 	', '		', '		', '	FUNCIONARIO	');

-- --------------------------------------------------------

--
-- Estructura de tabla para la tabla `conteo`
--

CREATE TABLE `conteo` (
  `id` int(11) NOT NULL,
  `numero` int(11) NOT NULL,
  `sexo` varchar(5) COLLATE utf8_unicode_ci NOT NULL
) ENGINE=InnoDB DEFAULT CHARSET=utf8 COLLATE=utf8_unicode_ci;

--
-- Volcado de datos para la tabla `conteo`
--

INSERT INTO `conteo` (`id`, `numero`, `sexo`) VALUES
(1, 3, 'M'),
(2, 5, 'M'),
(3, 10, 'M'),
(4, 3, 'F'),
(5, 5, 'F'),
(6, 10, 'F');

-- --------------------------------------------------------

--
-- Estructura de tabla para la tabla `gastronomia`
--

CREATE TABLE `gastronomia` (
  `id` int(11) NOT NULL,
  `plato` varchar(255) COLLATE utf8_unicode_ci NOT NULL,
  `preparados` int(11) NOT NULL,
  `vendidos` int(11) NOT NULL,
  `costo` int(11) NOT NULL,
  `ingreso_gastronomia` int(11) NOT NULL
) ENGINE=InnoDB DEFAULT CHARSET=utf8 COLLATE=utf8_unicode_ci;

-- --------------------------------------------------------

--
-- Estructura de tabla para la tabla `grado_satisfaccion`
--

CREATE TABLE `grado_satisfaccion` (
  `id` int(11) NOT NULL,
  `grado` varchar(255) COLLATE utf8_unicode_ci NOT NULL,
  `descripcion` varchar(255) COLLATE utf8_unicode_ci NOT NULL
) ENGINE=InnoDB DEFAULT CHARSET=utf8 COLLATE=utf8_unicode_ci;

--
-- Volcado de datos para la tabla `grado_satisfaccion`
--

INSERT INTO `grado_satisfaccion` (`id`, `grado`, `descripcion`) VALUES
(1, 'MALO', ''),
(2, 'REGULAR', ''),
(3, 'BUENO', '');

-- --------------------------------------------------------

--
-- Estructura de tabla para la tabla `literatura`
--

CREATE TABLE `literatura` (
  `id` int(11) NOT NULL,
  `libro_mas_vendido` varchar(255) COLLATE utf8_unicode_ci NOT NULL,
  `ingreso_literatura` int(11) NOT NULL
) ENGINE=InnoDB DEFAULT CHARSET=utf8 COLLATE=utf8_unicode_ci;

-- --------------------------------------------------------

--
-- Estructura de tabla para la tabla `medios_comunicacion`
--

CREATE TABLE `medios_comunicacion` (
  `id` int(11) NOT NULL,
  `medio` varchar(255) COLLATE utf8_unicode_ci NOT NULL,
  `descripcion` varchar(255) COLLATE utf8_unicode_ci NOT NULL
) ENGINE=InnoDB DEFAULT CHARSET=utf8 COLLATE=utf8_unicode_ci;

--
-- Volcado de datos para la tabla `medios_comunicacion`
--

INSERT INTO `medios_comunicacion` (`id`, `medio`, `descripcion`) VALUES
(1, 'TV', 'Televisión'),
(2, 'RADIO', 'Radio'),
(3, 'INTERNET', 'Internet'),
(4, 'RECOMENDACION', 'Recomendación');

-- --------------------------------------------------------

--
-- Estructura de tabla para la tabla `medio_transporte`
--

CREATE TABLE `medio_transporte` (
  `id` int(11) NOT NULL,
  `medio` varchar(255) COLLATE utf8_unicode_ci NOT NULL,
  `descripcion` varchar(255) COLLATE utf8_unicode_ci NOT NULL
) ENGINE=InnoDB DEFAULT CHARSET=utf8 COLLATE=utf8_unicode_ci;

--
-- Volcado de datos para la tabla `medio_transporte`
--

INSERT INTO `medio_transporte` (`id`, `medio`, `descripcion`) VALUES
(1, 'PUBLICO', 'Publico'),
(2, 'PRIVADO', 'Privado');

-- --------------------------------------------------------

--
-- Estructura de tabla para la tabla `migrations`
--

CREATE TABLE `migrations` (
  `id` int(10) UNSIGNED NOT NULL,
  `migration` varchar(255) COLLATE utf8_unicode_ci NOT NULL,
  `batch` int(11) NOT NULL
) ENGINE=InnoDB DEFAULT CHARSET=utf8 COLLATE=utf8_unicode_ci;

--
-- Volcado de datos para la tabla `migrations`
--

INSERT INTO `migrations` (`id`, `migration`, `batch`) VALUES
(1, '2014_10_12_000000_create_users_table', 1),
(2, '2014_10_12_100000_create_password_resets_table', 1),
(3, '2015_01_20_084450_create_roles_table', 1),
(4, '2015_01_20_084525_create_role_user_table', 1),
(5, '2015_01_24_080208_create_permissions_table', 1),
(6, '2015_01_24_080433_create_permission_role_table', 1),
(7, '2015_12_04_003040_add_special_role_column', 1),
(8, '2019_01_28_194922_update_users', 1),
(9, '2019_01_29_142200_create_ministerios_table', 1),
(10, '2019_01_29_145000_create_direcciones_table', 1),
(11, '2019_01_29_145800_create_unidades_table', 1),
(12, '2019_01_29_154800_create_areas_table', 2),
(13, '2019_02_01_130400_update_users', 3),
(31, '2019_02_04_014500_create_usadas_table', 5),
(32, '2019_02_04_020300_create_estados_table', 6),
(35, '2019_02_04_022600_create_vacaciones_table', 9),
(36, '2019_01_30_163600_create_gestiones_table', 10),
(37, '2019_01_30_184800_create_calificaciones_table', 11),
(38, '2019_02_13_140349_create_calendarios_table', 12);

-- --------------------------------------------------------

--
-- Estructura de tabla para la tabla `password_resets`
--

CREATE TABLE `password_resets` (
  `email` varchar(255) COLLATE utf8_unicode_ci NOT NULL,
  `token` varchar(255) COLLATE utf8_unicode_ci NOT NULL,
  `created_at` timestamp NULL DEFAULT NULL
) ENGINE=InnoDB DEFAULT CHARSET=utf8 COLLATE=utf8_unicode_ci;

-- --------------------------------------------------------

--
-- Estructura de tabla para la tabla `permissions`
--

CREATE TABLE `permissions` (
  `id` int(10) UNSIGNED NOT NULL,
  `name` varchar(255) COLLATE utf8_unicode_ci NOT NULL,
  `slug` varchar(255) COLLATE utf8_unicode_ci NOT NULL,
  `description` text COLLATE utf8_unicode_ci,
  `created_at` timestamp NULL DEFAULT NULL,
  `updated_at` timestamp NULL DEFAULT NULL
) ENGINE=InnoDB DEFAULT CHARSET=utf8 COLLATE=utf8_unicode_ci;

--
-- Volcado de datos para la tabla `permissions`
--

INSERT INTO `permissions` (`id`, `name`, `slug`, `description`, `created_at`, `updated_at`) VALUES
(1, 'Crear Solicitud', 'crear_solicitud', 'Crea solicitud de Vacaciones', '2019-02-07 00:50:09', '2019-02-07 00:50:09'),
(2, 'Aprobar Solicitud', 'aprobar_solicitud', 'Aprobar solicitud en Unidad', '2019-02-07 01:12:24', '2019-02-07 01:12:24'),
(3, 'Autorizar Solicitud', 'autorizar_solicitud', 'Autoriza la solicitud de Vacaciones', '2019-02-07 01:16:08', '2019-02-07 01:16:08'),
(4, 'Agregar Usuario', 'agregar_usuario', 'Agrega usuarios al sistema', '2019-02-12 11:41:21', '2019-02-12 11:41:21');

-- --------------------------------------------------------

--
-- Estructura de tabla para la tabla `permission_role`
--

CREATE TABLE `permission_role` (
  `id` int(10) UNSIGNED NOT NULL,
  `permission_id` int(10) UNSIGNED NOT NULL,
  `role_id` int(10) UNSIGNED NOT NULL,
  `created_at` timestamp NULL DEFAULT NULL,
  `updated_at` timestamp NULL DEFAULT NULL
) ENGINE=InnoDB DEFAULT CHARSET=utf8 COLLATE=utf8_unicode_ci;

--
-- Volcado de datos para la tabla `permission_role`
--

INSERT INTO `permission_role` (`id`, `permission_id`, `role_id`, `created_at`, `updated_at`) VALUES
(3, 3, 2, '2019-02-07 01:16:26', '2019-02-07 01:16:26'),
(4, 4, 2, '2019-02-12 11:41:40', '2019-02-12 11:41:40'),
(5, 3, 1, '2019-05-04 04:09:23', '2019-05-04 04:09:23'),
(6, 2, 1, '2019-05-04 04:10:11', '2019-05-04 04:10:11'),
(7, 2, 5, '2019-05-04 04:15:00', '2019-05-04 04:15:00');

-- --------------------------------------------------------

--
-- Estructura de tabla para la tabla `personal`
--

CREATE TABLE `personal` (
  `idpersonal` int(11) NOT NULL,
  `cedula` varchar(45) CHARACTER SET utf8 COLLATE utf8_unicode_ci NOT NULL,
  `domicilio` text,
  `item` varchar(45) DEFAULT NULL,
  `idarea` int(11) NOT NULL,
  `id_cargo` int(10) UNSIGNED NOT NULL,
  `fechaingreso` date NOT NULL,
  `fechabaja` date DEFAULT NULL,
  `haber` varchar(45) DEFAULT NULL
) ENGINE=MyISAM DEFAULT CHARSET=utf8;

--
-- Volcado de datos para la tabla `personal`
--

INSERT INTO `personal` (`idpersonal`, `cedula`, `domicilio`, `item`, `idarea`, `id_cargo`, `fechaingreso`, `fechabaja`, `haber`) VALUES
(602, '5967874', NULL, '034', 8, 1, '2017-03-14', NULL, '15000'),
(601, '5966306', '', '035', 8, 2, '2017-03-14', NULL, '55544'),
(600, '4265100', NULL, '034', 8, 3, '2010-09-10', NULL, '1185300'),
(598, '1234567', NULL, '34', 8, 2, '2011-01-18', '2017-05-17', '5554'),
(611, '2612056', '', '033', 14, 125, '2017-10-03', NULL, '20000'),
(607, '6046102', 'AV. MEJILLONES', '1', 1, 1, '2018-02-22', NULL, '30000'),
(606, '123456', 'AV. SIEMPRE VIVA NO. 742', '1', 8, 1, '2015-02-18', NULL, '1000'),
(610, '4760310', '', '11', 8, 121, '2018-03-04', NULL, '20000'),
(612, '6180245', 'AV. SIEMPRE VIVA NO. 742', '031', 8, 1, '2016-11-07', NULL, '7000'),
(613, '2634709', '', '2', 14, 251, '2012-06-12', NULL, '6640'),
(618, '1111111', '', '35', 30, 11, '2019-03-15', NULL, '2222'),
(619, '4645102', '', '36', 8, 117, '2018-01-01', NULL, '20000'),
(620, '6046103', 'AV. SIEMPRE VIVA NO. 742', NULL, 42, 133, '2019-12-12', NULL, NULL),
(621, 'mae', 'AV. ', NULL, 42, 133, '2019-05-04', NULL, NULL),
(622, '6666666', 'AVENIDA CENTRAL', NULL, 38, 267, '2019-07-04', NULL, NULL);

-- --------------------------------------------------------

--
-- Estructura de tabla para la tabla `platos_chuquisaca`
--

CREATE TABLE `platos_chuquisaca` (
  `id` int(11) NOT NULL,
  `plato` varchar(255) COLLATE utf8_unicode_ci NOT NULL
) ENGINE=InnoDB DEFAULT CHARSET=utf8 COLLATE=utf8_unicode_ci;

--
-- Volcado de datos para la tabla `platos_chuquisaca`
--

INSERT INTO `platos_chuquisaca` (`id`, `plato`) VALUES
(1, 'Cazuela de Mani'),
(2, 'Lawa Uchu'),
(3, 'Sopa de gallina criolla'),
(4, 'K\'arapecho'),
(5, 'Picante mixto'),
(6, 'Mondongo'),
(7, 'Chicharra'),
(8, 'Pacumutu'),
(9, 'Phisara'),
(10, 'Asado de chancho'),
(11, 'Aji de Cumanda'),
(12, 'Sulka'),
(13, 'Picante de pollo'),
(14, 'Chorizo Chuquisaqueño'),
(15, 'Freido');

-- --------------------------------------------------------

--
-- Estructura de tabla para la tabla `platos_potosi`
--

CREATE TABLE `platos_potosi` (
  `id` int(11) NOT NULL,
  `plato` varchar(255) COLLATE utf8_unicode_ci NOT NULL
) ENGINE=InnoDB DEFAULT CHARSET=utf8 COLLATE=utf8_unicode_ci;

--
-- Volcado de datos para la tabla `platos_potosi`
--

INSERT INTO `platos_potosi` (`id`, `plato`) VALUES
(1, 'Aji de Arvejas'),
(2, 'Kanka Uchu'),
(3, 'Aycha Kanca'),
(4, 'Lagua'),
(5, 'Phisara con asado de llama'),
(6, 'Aji de maiz con llullucha'),
(7, 'Fricase de llama'),
(8, 'Lawa de Quinoa'),
(9, 'Wajta kanka'),
(10, 'Q\'alapurka'),
(11, 'Aji de Achacana'),
(12, 'Qhatu chupe'),
(13, 'Ch\'ajchu'),
(14, 'Quispiño'),
(15, 'Fritanga'),
(16, 'Aji de haba'),
(17, 'Cazuela Potosina'),
(18, 'Aji de papa'),
(19, 'Cachi chuño'),
(20, 'Olla'),
(21, 'Salteña'),
(22, 'Tamal'),
(23, 'Q\'alapari'),
(24, 'Aji de palqui'),
(25, 'Chapu minero'),
(26, 'Asado de Chivo');

-- --------------------------------------------------------

--
-- Estructura de tabla para la tabla `productores`
--

CREATE TABLE `productores` (
  `id` int(11) NOT NULL,
  `ingreso_productores` int(11) NOT NULL
) ENGINE=InnoDB DEFAULT CHARSET=utf8 COLLATE=utf8_unicode_ci;

-- --------------------------------------------------------

--
-- Estructura de tabla para la tabla `roles`
--

CREATE TABLE `roles` (
  `id` int(10) UNSIGNED NOT NULL,
  `name` varchar(255) COLLATE utf8_unicode_ci NOT NULL,
  `slug` varchar(255) COLLATE utf8_unicode_ci NOT NULL,
  `description` text COLLATE utf8_unicode_ci,
  `created_at` timestamp NULL DEFAULT NULL,
  `updated_at` timestamp NULL DEFAULT NULL,
  `special` enum('all-access','no-access') COLLATE utf8_unicode_ci DEFAULT NULL
) ENGINE=InnoDB DEFAULT CHARSET=utf8 COLLATE=utf8_unicode_ci;

--
-- Volcado de datos para la tabla `roles`
--

INSERT INTO `roles` (`id`, `name`, `slug`, `description`, `created_at`, `updated_at`, `special`) VALUES
(1, 'SuperAdministrador', 'super_admin', 'Administrador del Sistema', '2019-02-04 09:13:33', '2019-02-04 09:13:33', NULL),
(2, 'Administrador', 'admin', 'Administrador de Recursos Humanos', '2019-02-04 09:14:04', '2019-02-04 09:14:04', NULL),
(5, 'reporte', 'reporte', 'reporte', '2019-05-04 04:14:11', '2019-05-04 04:14:11', NULL),
(6, 'encuestador', 'encuestador', 'encuestador', '2019-05-04 04:21:19', '2019-05-04 04:21:19', NULL),
(7, 'revisor', 'revisor', 'Usuario Revisor de Encuestas', '2019-07-04 15:22:41', '2019-07-04 15:22:41', NULL),
(8, 'estadar', 'estadar', 'Usuario estadar', NULL, NULL, NULL);

-- --------------------------------------------------------

--
-- Estructura de tabla para la tabla `role_user`
--

CREATE TABLE `role_user` (
  `id` int(10) UNSIGNED NOT NULL,
  `role_id` int(10) UNSIGNED NOT NULL,
  `user_id` int(10) UNSIGNED NOT NULL,
  `created_at` timestamp NULL DEFAULT NULL,
  `updated_at` timestamp NULL DEFAULT NULL
) ENGINE=InnoDB DEFAULT CHARSET=utf8 COLLATE=utf8_unicode_ci;

--
-- Volcado de datos para la tabla `role_user`
--

INSERT INTO `role_user` (`id`, `role_id`, `user_id`, `created_at`, `updated_at`) VALUES
(1, 1, 1, '2019-02-04 09:15:53', '2019-02-04 09:15:53'),
(5, 2, 1, '2019-02-07 09:21:05', '2019-02-07 09:21:05'),
(22, 2, 21, '2019-02-12 11:34:20', '2019-02-12 11:34:20'),
(50, 5, 42, '2019-05-04 04:16:32', '2019-05-04 04:16:32'),
(51, 6, 21, '2019-05-04 04:21:38', '2019-05-04 04:21:38'),
(83, 4, 44, '2019-07-04 20:14:10', '2019-07-04 20:14:10'),
(84, 3, 44, '2019-07-04 20:14:10', '2019-07-04 20:14:10'),
(85, 7, 44, '2019-07-04 20:14:29', '2019-07-04 20:14:29'),
(88, 6, 40, '2019-07-05 14:20:50', '2019-07-05 14:20:50'),
(89, 6, 43, '2019-07-05 14:20:50', '2019-07-05 14:20:50');

-- --------------------------------------------------------

--
-- Estructura de tabla para la tabla `sexo`
--

CREATE TABLE `sexo` (
  `id` int(11) NOT NULL,
  `genero` varchar(1) COLLATE utf8_unicode_ci NOT NULL,
  `descripcion` varchar(255) COLLATE utf8_unicode_ci NOT NULL
) ENGINE=InnoDB DEFAULT CHARSET=utf8 COLLATE=utf8_unicode_ci;

--
-- Volcado de datos para la tabla `sexo`
--

INSERT INTO `sexo` (`id`, `genero`, `descripcion`) VALUES
(1, 'M', 'MASCULINO'),
(2, 'F', 'FEMENINO');

-- --------------------------------------------------------

--
-- Estructura de tabla para la tabla `turismo`
--

CREATE TABLE `turismo` (
  `id` int(11) NOT NULL,
  `lugar` varchar(255) COLLATE utf8_unicode_ci NOT NULL,
  `venta_paquete` int(255) NOT NULL,
  `ingreso_turismo` int(11) NOT NULL
) ENGINE=InnoDB DEFAULT CHARSET=utf8 COLLATE=utf8_unicode_ci;

-- --------------------------------------------------------

--
-- Estructura de tabla para la tabla `unidades`
--

CREATE TABLE `unidades` (
  `id` int(10) UNSIGNED NOT NULL,
  `nombre` varchar(255) COLLATE utf8_unicode_ci NOT NULL,
  `id_dir` int(10) UNSIGNED NOT NULL
) ENGINE=InnoDB DEFAULT CHARSET=utf8 COLLATE=utf8_unicode_ci;

--
-- Volcado de datos para la tabla `unidades`
--

INSERT INTO `unidades` (`id`, `nombre`, `id_dir`) VALUES
(1, 'Desp.	', 1),
(2, 'Unidad de Comunicación Social	', 1),
(3, 'Unidad de Auditoria Interna	', 1),
(4, 'Unidad de Transparencia	', 1),
(5, 'Unidad Regional - Santa Cruz	', 1),
(6, 'Unidad de Relaciones Internacionales	', 1),
(7, 'Despacho Planificación	', 1),
(8, 'Unidad de Planificación y Técnologías de Información	', 1),
(9, '	Unidad de Coordinación de Consejos Departamentales de Cultura 	', 1),
(10, '	Unidad de Seguimiento y Fiscalización de Proyectos	', 1),
(11, '	Despacho Asuntos Administrativos	', 1),
(12, '	Unidad Financiera	', 1),
(13, '	Unidad Administrativa	', 1),
(14, 'Unidad de Recursos Humanos	', 1),
(15, '	Despacho Gestión Juridica	', 1),
(16, '	Unidad de Gestión Juridica	', 1),
(17, '	Unidad de Analisis Juridico	', 1),
(18, '	Despacho Viciministerio Interculturalidad	', 1),
(19, '	Despacho Promoción Cultural	', 1),
(20, '	Unidad de Industrias Culturales	', 1),
(21, '	Unidad de Producción de Eventos Artísticos	', 1),
(22, '	Unidad de Producción Comunicacional	', 1),
(23, '	 Elencos	', 1),
(24, '	Despacho Patrimonio Cultural	', 1),
(25, '	Unidad de Arqueologia y Museos	', 1),
(26, '	Unidad de Monumentos y Sitios Históricos y Bienes Culturales	', 1),
(27, '	Unidad de Patrimonio Inmaterial	', 1),
(28, '	Despacho Viciministerio Descolonización	', 1),
(29, '	Despacho Administración Pública	', 1),
(30, '	Unidad de Políticas y Gestión de la Descolonización con Entidades Territoriales Autónomas	', 1),
(31, '	Unidad de Antropología y Promoción de Saberes y Conocimientos Ancestrales	', 1),
(32, '	Unidad de Despatriarcalización	', 1),
(33, '	Despacho Lucha Contra el Racismo	', 1),
(34, '	Unidad de Gestión de Politicas Publicas Contra el Racismo y la Discriminación	', 1),
(35, '	Unidad de Enlace con Organizaciones Sociales y Sociedad Civil	', 1),
(36, '	Unidad de Aplicación e Implementación de la Ley 045	', 1),
(37, '	Despacho Viceministerio Turismo	', 1),
(38, '	Despacho Turismo	', 1),
(39, '	Unidad de Promoción Turistica	', 1),
(40, '	Unidad de Gestión y Desarrollo del Turismo Comunitario	', 1),
(41, '	Despacho Control Actividad Turistica	', 1),
(42, '	Unidad de Regulación y Servicios Turísticos	', 1);

-- --------------------------------------------------------

--
-- Estructura de tabla para la tabla `users`
--

CREATE TABLE `users` (
  `id` int(10) UNSIGNED NOT NULL,
  `name` varchar(255) COLLATE utf8_unicode_ci NOT NULL,
  `email` varchar(255) COLLATE utf8_unicode_ci NOT NULL,
  `password` varchar(255) COLLATE utf8_unicode_ci NOT NULL,
  `remember_token` varchar(100) COLLATE utf8_unicode_ci DEFAULT NULL,
  `created_at` timestamp NULL DEFAULT NULL,
  `updated_at` timestamp NULL DEFAULT NULL,
  `ci` varchar(20) COLLATE utf8_unicode_ci NOT NULL,
  `nombre` varchar(60) COLLATE utf8_unicode_ci NOT NULL,
  `paterno` varchar(60) COLLATE utf8_unicode_ci NOT NULL,
  `materno` varchar(60) COLLATE utf8_unicode_ci NOT NULL,
  `telefono` varchar(60) COLLATE utf8_unicode_ci NOT NULL
) ENGINE=InnoDB DEFAULT CHARSET=utf8 COLLATE=utf8_unicode_ci;

--
-- Volcado de datos para la tabla `users`
--

INSERT INTO `users` (`id`, `name`, `email`, `password`, `remember_token`, `created_at`, `updated_at`, `ci`, `nombre`, `paterno`, `materno`, `telefono`) VALUES
(1, 'William', 'william', '$2y$10$VD2SrWs0of/hUAXt80HnJe54ChGpcWLPp9kZg4/b5w.A8OfbCueo2', 'pHVQtS7ii24ygdqFpvlDOcW8gg7bAkVuCc2D8hp7I0aZeLFihRk89Zlet0yI', '2019-01-31 20:02:24', '2019-07-04 20:17:49', '6046102', 'William', 'Ayaviri', 'Castro', '0000000'),
(38, 'ENCUESTADOR', 'encuestas222@gmail.com', '$2y$10$VD2SrWs0of/hUAXt80HnJe54ChGpcWLPp9kZg4/b5w.A8OfbCueo2', 'CnF6ZADW9cnmdWfbNvPkG3H8LWNlozBGooo6UtdwKYF5XrhicNuwIoPWeITt', '2019-05-02 20:51:02', '2019-05-17 15:21:12', '32515', 'ENCUESTADOR', 'LINARES', 'LINARES', '413413'),
(39, 'ENCUESTADOR', 'encuesta11111@gmail.com', '$2y$10$SfJjzZOHkK6.CHmUuecFDu8ApKrrcC./Iz4VaAELNel5dFzlsw5pK', NULL, '2019-05-02 20:57:24', '2019-05-02 20:57:24', '12121212', 'ENCUESTADOR', 'PEREZ', 'VILLANUEVA', '1222221'),
(40, 'ENCUESTADOR', 'encuestador@gmail.com', '$2y$10$VD2SrWs0of/hUAXt80HnJe54ChGpcWLPp9kZg4/b5w.A8OfbCueo2', '9QGkKYOe1TAMeV3GEdWBMP9NV06AHoYWcnaIwbg4MqVFMmi5KUPpAzEsRuQN', '2019-05-02 21:00:44', '2019-07-04 20:14:57', '6046103', 'ENCUESTADOR', 'LINARES', 'PEREZ', '2131231'),
(42, 'MAE', 'mae', '$2y$10$VD2SrWs0of/hUAXt80HnJe54ChGpcWLPp9kZg4/b5w.A8OfbCueo2', 'E7B2QJZSSjLxKU2oPxcYx8xLatLebbo01NJ1G3skcTr9Ibp0nbPfgMU7sHfT', '2019-05-04 04:11:57', '2019-07-03 13:18:11', 'mae', 'MAE', 'MAE', '', '123123'),
(43, 'ENCUESTADOR', 'encuestas@gmail.com', '$2y$10$XYZAio7UwPJTif15gtOzK.tIDjE9uq7EKrkWhecjA523rtYBXBVx2', '5iPCNX46EWRGu2ksC7Wxz7kWMn1xyne0n78eIsAJgDazrqLIwgd0J7dKOgG5', '2019-05-17 13:43:14', '2019-07-03 13:19:55', '654321', 'ENCUESTADOR', 'PERSONAL', 'PERSONAL', '22222'),
(44, 'REVISOR', 'revisor@gmail.com', '$2y$10$t7PnCOheTw1rffdTyaxs8uUyBIjVkEJrMB2YTLk9vsG4DdqTT8Aue', NULL, '2019-07-04 20:14:09', '2019-07-04 20:14:09', '6666666', 'REVISOR', '', 'REVISOR', '2143124');

-- --------------------------------------------------------

--
-- Estructura de tabla para la tabla `visitantes`
--

CREATE TABLE `visitantes` (
  `id` int(11) NOT NULL,
  `sexo` varchar(2) COLLATE utf8_unicode_ci NOT NULL,
  `medio_comunicacion` varchar(255) COLLATE utf8_unicode_ci NOT NULL,
  `medio_transporte` varchar(255) COLLATE utf8_unicode_ci NOT NULL,
  `grado_satisfaccion` varchar(10) COLLATE utf8_unicode_ci NOT NULL,
  `plato_preferido` varchar(255) COLLATE utf8_unicode_ci NOT NULL
) ENGINE=InnoDB DEFAULT CHARSET=utf8 COLLATE=utf8_unicode_ci;

--
-- Volcado de datos para la tabla `visitantes`
--

INSERT INTO `visitantes` (`id`, `sexo`, `medio_comunicacion`, `medio_transporte`, `grado_satisfaccion`, `plato_preferido`) VALUES
(1, 'M', 'RADIO', 'PUBLICO', 'MALO', 'Q\'alapurka'),
(2, 'M', 'TV', 'PUBLICO', 'MALO', 'Olla');

--
-- Índices para tablas volcadas
--

--
-- Indices de la tabla `areas`
--
ALTER TABLE `areas`
  ADD PRIMARY KEY (`idarea`),
  ADD KEY `areas_idunidad_index` (`idunidad`),
  ADD KEY `areas_iddireccion_index` (`iddireccion`),
  ADD KEY `areas_idmin_index` (`idmin`);

--
-- Indices de la tabla `artesania`
--
ALTER TABLE `artesania`
  ADD PRIMARY KEY (`id`);

--
-- Indices de la tabla `cargos`
--
ALTER TABLE `cargos`
  ADD PRIMARY KEY (`idcargo`),
  ADD KEY `idarea` (`idarea`);

--
-- Indices de la tabla `conteo`
--
ALTER TABLE `conteo`
  ADD PRIMARY KEY (`id`);

--
-- Indices de la tabla `gastronomia`
--
ALTER TABLE `gastronomia`
  ADD PRIMARY KEY (`id`);

--
-- Indices de la tabla `grado_satisfaccion`
--
ALTER TABLE `grado_satisfaccion`
  ADD PRIMARY KEY (`id`);

--
-- Indices de la tabla `literatura`
--
ALTER TABLE `literatura`
  ADD PRIMARY KEY (`id`);

--
-- Indices de la tabla `medios_comunicacion`
--
ALTER TABLE `medios_comunicacion`
  ADD PRIMARY KEY (`id`);

--
-- Indices de la tabla `medio_transporte`
--
ALTER TABLE `medio_transporte`
  ADD PRIMARY KEY (`id`);

--
-- Indices de la tabla `migrations`
--
ALTER TABLE `migrations`
  ADD PRIMARY KEY (`id`);

--
-- Indices de la tabla `password_resets`
--
ALTER TABLE `password_resets`
  ADD KEY `password_resets_email_index` (`email`),
  ADD KEY `password_resets_token_index` (`token`);

--
-- Indices de la tabla `permissions`
--
ALTER TABLE `permissions`
  ADD PRIMARY KEY (`id`),
  ADD UNIQUE KEY `permissions_slug_unique` (`slug`);

--
-- Indices de la tabla `permission_role`
--
ALTER TABLE `permission_role`
  ADD PRIMARY KEY (`id`),
  ADD KEY `permission_role_permission_id_index` (`permission_id`),
  ADD KEY `permission_role_role_id_index` (`role_id`);

--
-- Indices de la tabla `personal`
--
ALTER TABLE `personal`
  ADD PRIMARY KEY (`idpersonal`),
  ADD KEY `idarea` (`idarea`);

--
-- Indices de la tabla `platos_chuquisaca`
--
ALTER TABLE `platos_chuquisaca`
  ADD PRIMARY KEY (`id`);

--
-- Indices de la tabla `productores`
--
ALTER TABLE `productores`
  ADD PRIMARY KEY (`id`);

--
-- Indices de la tabla `roles`
--
ALTER TABLE `roles`
  ADD PRIMARY KEY (`id`),
  ADD UNIQUE KEY `roles_name_unique` (`name`),
  ADD UNIQUE KEY `roles_slug_unique` (`slug`);

--
-- Indices de la tabla `role_user`
--
ALTER TABLE `role_user`
  ADD PRIMARY KEY (`id`),
  ADD KEY `role_user_role_id_index` (`role_id`),
  ADD KEY `role_user_user_id_index` (`user_id`);

--
-- Indices de la tabla `sexo`
--
ALTER TABLE `sexo`
  ADD PRIMARY KEY (`id`);

--
-- Indices de la tabla `turismo`
--
ALTER TABLE `turismo`
  ADD PRIMARY KEY (`id`);

--
-- Indices de la tabla `unidades`
--
ALTER TABLE `unidades`
  ADD PRIMARY KEY (`id`),
  ADD KEY `unidades_id_dir_index` (`id_dir`);

--
-- Indices de la tabla `users`
--
ALTER TABLE `users`
  ADD PRIMARY KEY (`id`),
  ADD UNIQUE KEY `users_email_unique` (`email`);

--
-- Indices de la tabla `visitantes`
--
ALTER TABLE `visitantes`
  ADD PRIMARY KEY (`id`);

--
-- AUTO_INCREMENT de las tablas volcadas
--

--
-- AUTO_INCREMENT de la tabla `areas`
--
ALTER TABLE `areas`
  MODIFY `idarea` int(10) UNSIGNED NOT NULL AUTO_INCREMENT, AUTO_INCREMENT=47;
--
-- AUTO_INCREMENT de la tabla `artesania`
--
ALTER TABLE `artesania`
  MODIFY `id` int(11) NOT NULL AUTO_INCREMENT;
--
-- AUTO_INCREMENT de la tabla `cargos`
--
ALTER TABLE `cargos`
  MODIFY `idcargo` int(11) UNSIGNED NOT NULL AUTO_INCREMENT, AUTO_INCREMENT=283;
--
-- AUTO_INCREMENT de la tabla `conteo`
--
ALTER TABLE `conteo`
  MODIFY `id` int(11) NOT NULL AUTO_INCREMENT, AUTO_INCREMENT=7;
--
-- AUTO_INCREMENT de la tabla `gastronomia`
--
ALTER TABLE `gastronomia`
  MODIFY `id` int(11) NOT NULL AUTO_INCREMENT;
--
-- AUTO_INCREMENT de la tabla `grado_satisfaccion`
--
ALTER TABLE `grado_satisfaccion`
  MODIFY `id` int(11) NOT NULL AUTO_INCREMENT, AUTO_INCREMENT=4;
--
-- AUTO_INCREMENT de la tabla `literatura`
--
ALTER TABLE `literatura`
  MODIFY `id` int(11) NOT NULL AUTO_INCREMENT;
--
-- AUTO_INCREMENT de la tabla `medios_comunicacion`
--
ALTER TABLE `medios_comunicacion`
  MODIFY `id` int(11) NOT NULL AUTO_INCREMENT, AUTO_INCREMENT=5;
--
-- AUTO_INCREMENT de la tabla `medio_transporte`
--
ALTER TABLE `medio_transporte`
  MODIFY `id` int(11) NOT NULL AUTO_INCREMENT, AUTO_INCREMENT=3;
--
-- AUTO_INCREMENT de la tabla `migrations`
--
ALTER TABLE `migrations`
  MODIFY `id` int(10) UNSIGNED NOT NULL AUTO_INCREMENT, AUTO_INCREMENT=39;
--
-- AUTO_INCREMENT de la tabla `permissions`
--
ALTER TABLE `permissions`
  MODIFY `id` int(10) UNSIGNED NOT NULL AUTO_INCREMENT, AUTO_INCREMENT=5;
--
-- AUTO_INCREMENT de la tabla `permission_role`
--
ALTER TABLE `permission_role`
  MODIFY `id` int(10) UNSIGNED NOT NULL AUTO_INCREMENT, AUTO_INCREMENT=8;
--
-- AUTO_INCREMENT de la tabla `personal`
--
ALTER TABLE `personal`
  MODIFY `idpersonal` int(11) NOT NULL AUTO_INCREMENT, AUTO_INCREMENT=623;
--
-- AUTO_INCREMENT de la tabla `platos_chuquisaca`
--
ALTER TABLE `platos_chuquisaca`
  MODIFY `id` int(11) NOT NULL AUTO_INCREMENT, AUTO_INCREMENT=16;
--
-- AUTO_INCREMENT de la tabla `productores`
--
ALTER TABLE `productores`
  MODIFY `id` int(11) NOT NULL AUTO_INCREMENT;
--
-- AUTO_INCREMENT de la tabla `roles`
--
ALTER TABLE `roles`
  MODIFY `id` int(10) UNSIGNED NOT NULL AUTO_INCREMENT, AUTO_INCREMENT=9;
--
-- AUTO_INCREMENT de la tabla `role_user`
--
ALTER TABLE `role_user`
  MODIFY `id` int(10) UNSIGNED NOT NULL AUTO_INCREMENT, AUTO_INCREMENT=90;
--
-- AUTO_INCREMENT de la tabla `sexo`
--
ALTER TABLE `sexo`
  MODIFY `id` int(11) NOT NULL AUTO_INCREMENT, AUTO_INCREMENT=3;
--
-- AUTO_INCREMENT de la tabla `turismo`
--
ALTER TABLE `turismo`
  MODIFY `id` int(11) NOT NULL AUTO_INCREMENT;
--
-- AUTO_INCREMENT de la tabla `unidades`
--
ALTER TABLE `unidades`
  MODIFY `id` int(10) UNSIGNED NOT NULL AUTO_INCREMENT, AUTO_INCREMENT=43;
--
-- AUTO_INCREMENT de la tabla `users`
--
ALTER TABLE `users`
  MODIFY `id` int(10) UNSIGNED NOT NULL AUTO_INCREMENT, AUTO_INCREMENT=45;
--
-- AUTO_INCREMENT de la tabla `visitantes`
--
ALTER TABLE `visitantes`
  MODIFY `id` int(11) NOT NULL AUTO_INCREMENT, AUTO_INCREMENT=3;
--
-- Restricciones para tablas volcadas
--

--
-- Filtros para la tabla `permission_role`
--
ALTER TABLE `permission_role`
  ADD CONSTRAINT `permission_role_permission_id_foreign` FOREIGN KEY (`permission_id`) REFERENCES `permissions` (`id`) ON DELETE CASCADE,
  ADD CONSTRAINT `permission_role_role_id_foreign` FOREIGN KEY (`role_id`) REFERENCES `roles` (`id`) ON DELETE CASCADE;

/*!40101 SET CHARACTER_SET_CLIENT=@OLD_CHARACTER_SET_CLIENT */;
/*!40101 SET CHARACTER_SET_RESULTS=@OLD_CHARACTER_SET_RESULTS */;
/*!40101 SET COLLATION_CONNECTION=@OLD_COLLATION_CONNECTION */;
